comparison_type,model_source,layer,emotion_or_group,estimate_name,cosine,explained_fraction,ci_low,ci_high,p_value,q_value,max_stat_p_value,null_p95,reliability,pca_status,effective_rank,condition_number,gate_passed,confirmatory,notes
centroid,aligned,0,all_six_negative,cosine,0.08697804808616638,,0.050657995883375405,0.11958836130797865,0.04477611940298507,0.06368159203980099,0.009950248756218905,0.0771072048693895,0.4773281944496469,raw,,,True,True,"control=emotion_label_permutation;members=angry,furious,anxious,sad,gloomy,miserable;family_max_stat_p=0.009950248756218905 | control=matched_random_centroid;members=angry,furious,anxious,sad,gloomy,miserable;family_max_stat_p=0.11940298507462686"
centroid,aligned,1,all_six_negative,cosine,0.11424162238836288,,0.06855568196624517,0.14777774177491665,0.024875621890547265,0.039472061181694836,0.009950248756218905,0.08644205592572664,0.5124237206458191,raw,,,True,True,"control=emotion_label_permutation;members=angry,furious,anxious,sad,gloomy,miserable;family_max_stat_p=0.009950248756218905 | control=matched_random_centroid;members=angry,furious,anxious,sad,gloomy,miserable;family_max_stat_p=0.11940298507462686"
centroid,aligned,2,all_six_negative,cosine,0.15915042161941528,,0.10294367372989655,0.19573841877281667,0.009950248756218905,0.020993931441692634,0.009950248756218905,0.09836455471813678,0.5438008397772519,raw,,,True,True,"control=emotion_label_permutation;members=angry,furious,anxious,sad,gloomy,miserable;family_max_stat_p=0.009950248756218905 | control=matched_random_centroid;members=angry,furious,anxious,sad,gloomy,miserable;family_max_stat_p=0.11940298507462686"
centroid,aligned,3,all_six_negative,cosine,0.16451957821846008,,0.10548438504338264,0.20188305601477624,0.009950248756218905,0.020993931441692634,0.009950248756218905,0.0971623349934816,0.5598261787309733,raw,,,True,True,"control=emotion_label_permutation;members=angry,furious,anxious,sad,gloomy,miserable;family_max_stat_p=0.009950248756218905 | control=matched_random_centroid;members=angry,furious,anxious,sad,gloomy,miserable;family_max_stat_p=0.11940298507462686"
centroid,aligned,4,all_six_negative,cosine,0.17011362314224243,,0.1152846597135067,0.19923189617693426,0.009950248756218905,0.020993931441692634,0.009950248756218905,0.09834328368306153,0.5482768551215718,raw,,,True,True,"control=emotion_label_permutation;members=angry,furious,anxious,sad,gloomy,miserable;family_max_stat_p=0.009950248756218905 | control=matched_random_centroid;members=angry,furious,anxious,sad,gloomy,miserable;family_max_stat_p=0.11940298507462686"
centroid,aligned,5,all_six_negative,cosine,0.17559078335762024,,0.12553304117172956,0.20486005358397963,0.009950248756218905,0.020993931441692634,0.009950248756218905,0.10001910179853439,0.5566046897106165,raw,,,True,True,"control=emotion_label_permutation;members=angry,furious,anxious,sad,gloomy,miserable;family_max_stat_p=0.009950248756218905 | control=matched_random_centroid;members=angry,furious,anxious,sad,gloomy,miserable;family_max_stat_p=0.11940298507462686"
centroid,aligned,6,all_six_negative,cosine,0.1413620263338089,,0.09363178461790085,0.17348439842462543,0.004975124378109453,0.016190235264356184,0.009950248756218905,0.08971729613840577,0.5854097688715767,raw,,,True,True,"control=emotion_label_permutation;members=angry,furious,anxious,sad,gloomy,miserable;family_max_stat_p=0.009950248756218905 | control=matched_random_centroid;members=angry,furious,anxious,sad,gloomy,miserable;family_max_stat_p=0.11940298507462686"
centroid,aligned,7,all_six_negative,cosine,0.13816235959529877,,0.09926023483276367,0.16852656193077564,0.009950248756218905,0.020993931441692634,0.009950248756218905,0.09607588537037372,0.6014052987977774,raw,,,True,True,"control=emotion_label_permutation;members=angry,furious,anxious,sad,gloomy,miserable;family_max_stat_p=0.009950248756218905 | control=matched_random_centroid;members=angry,furious,anxious,sad,gloomy,miserable;family_max_stat_p=0.11940298507462686"
centroid,aligned,8,all_six_negative,cosine,0.1564100682735443,,0.12002215869724751,0.18490097001194955,0.014925373134328358,0.0255863539445629,0.009950248756218905,0.10080115497112259,0.5917981165703525,raw,,,True,True,"control=emotion_label_permutation;members=angry,furious,anxious,sad,gloomy,miserable;family_max_stat_p=0.009950248756218905 | control=matched_random_centroid;members=angry,furious,anxious,sad,gloomy,miserable;family_max_stat_p=0.11940298507462686"
centroid,aligned,9,all_six_negative,cosine,0.1011139452457428,,0.06869801841676235,0.13146994151175023,0.03980099502487562,0.05789235639981909,0.009950248756218905,0.091583776846528,0.5929028631772789,raw,,,True,True,"control=emotion_label_permutation;members=angry,furious,anxious,sad,gloomy,miserable;family_max_stat_p=0.009950248756218905 | control=matched_random_centroid;members=angry,furious,anxious,sad,gloomy,miserable;family_max_stat_p=0.11940298507462686"
centroid,aligned,10,all_six_negative,cosine,0.10921194404363632,,0.0779029220342636,0.1390896439552307,0.03980099502487562,0.05789235639981909,0.009950248756218905,0.1003740232437849,0.6075605321025952,raw,,,True,True,"control=emotion_label_permutation;members=angry,furious,anxious,sad,gloomy,miserable;family_max_stat_p=0.009950248756218905 | control=matched_random_centroid;members=angry,furious,anxious,sad,gloomy,miserable;family_max_stat_p=0.11940298507462686"
centroid,aligned,11,all_six_negative,cosine,0.12507791817188263,,0.08953376226127148,0.15499693416059018,0.029850746268656716,0.04659628685839097,0.009950248756218905,0.10662979818880551,0.6029869700784135,raw,,,True,True,"control=emotion_label_permutation;members=angry,furious,anxious,sad,gloomy,miserable;family_max_stat_p=0.009950248756218905 | control=matched_random_centroid;members=angry,furious,anxious,sad,gloomy,miserable;family_max_stat_p=0.11940298507462686"
centroid,aligned,12,all_six_negative,cosine,0.130405455827713,,0.08709577526897191,0.16293213628232478,0.03980099502487562,0.05789235639981909,0.009950248756218905,0.11451417095959184,0.5939661428601197,raw,,,True,True,"control=emotion_label_permutation;members=angry,furious,anxious,sad,gloomy,miserable;family_max_stat_p=0.009950248756218905 | control=matched_random_centroid;members=angry,furious,anxious,sad,gloomy,miserable;family_max_stat_p=0.11940298507462686"
centroid,aligned,13,all_six_negative,cosine,0.13220608234405518,,0.09258280005306006,0.1625623483210802,0.04477611940298507,0.06368159203980099,0.009950248756218905,0.12414396367967127,0.6034818511723963,raw,,,True,True,"control=emotion_label_permutation;members=angry,furious,anxious,sad,gloomy,miserable;family_max_stat_p=0.009950248756218905 | control=matched_random_centroid;members=angry,furious,anxious,sad,gloomy,miserable;family_max_stat_p=0.11940298507462686"
centroid,aligned,14,all_six_negative,cosine,0.1167907640337944,,0.07715734988451005,0.148007732629776,0.06467661691542288,0.08933748523569204,0.009950248756218905,0.11976715400815008,0.608281129258941,raw,,,True,True,"control=emotion_label_permutation;members=angry,furious,anxious,sad,gloomy,miserable;family_max_stat_p=0.009950248756218905 | control=matched_random_centroid;members=angry,furious,anxious,sad,gloomy,miserable;family_max_stat_p=0.11940298507462686"
centroid,aligned,15,all_six_negative,cosine,0.0917685329914093,,0.057724626269191504,0.12208380196243525,0.0845771144278607,0.11122469842567982,0.009950248756218905,0.10513615123927582,0.6259624713936847,raw,,,True,True,"control=emotion_label_permutation;members=angry,furious,anxious,sad,gloomy,miserable;family_max_stat_p=0.009950248756218905 | control=matched_random_centroid;members=angry,furious,anxious,sad,gloomy,miserable;family_max_stat_p=0.11940298507462686"
centroid,aligned,16,all_six_negative,cosine,0.11736893653869629,,0.07464627753943205,0.14824089109897615,0.06467661691542288,0.08933748523569204,0.009950248756218905,0.12511551603674886,0.6460080881585337,raw,,,True,True,"control=emotion_label_permutation;members=angry,furious,anxious,sad,gloomy,miserable;family_max_stat_p=0.009950248756218905 | control=matched_random_centroid;members=angry,furious,anxious,sad,gloomy,miserable;family_max_stat_p=0.11940298507462686"
centroid,aligned,17,all_six_negative,cosine,0.107202909886837,,0.06631844080984593,0.14102456346154213,0.0845771144278607,0.11122469842567982,0.009950248756218905,0.12226583696901795,0.6429118096989297,raw,,,True,True,"control=emotion_label_permutation;members=angry,furious,anxious,sad,gloomy,miserable;family_max_stat_p=0.009950248756218905 | control=matched_random_centroid;members=angry,furious,anxious,sad,gloomy,miserable;family_max_stat_p=0.11940298507462686"
centroid,aligned,18,all_six_negative,cosine,0.11208067089319229,,0.07144836708903313,0.14429494664072992,0.06467661691542288,0.08933748523569204,0.009950248756218905,0.12113032229244705,0.6509300442729213,raw,,,True,True,"control=emotion_label_permutation;members=angry,furious,anxious,sad,gloomy,miserable;family_max_stat_p=0.009950248756218905 | control=matched_random_centroid;members=angry,furious,anxious,sad,gloomy,miserable;family_max_stat_p=0.11940298507462686"
centroid,aligned,19,all_six_negative,cosine,0.10701380670070648,,0.06586542017757893,0.13646727465093136,0.09950248756218906,0.1290843081887858,0.009950248756218905,0.1251422531902788,0.6481880791845361,raw,,,True,True,"control=emotion_label_permutation;members=angry,furious,anxious,sad,gloomy,miserable;family_max_stat_p=0.009950248756218905 | control=matched_random_centroid;members=angry,furious,anxious,sad,gloomy,miserable;family_max_stat_p=0.11940298507462686"
centroid,aligned,20,all_six_negative,cosine,0.11063112318515778,,0.06387601457536221,0.1435919038951397,0.0945273631840796,0.12346431109757335,0.009950248756218905,0.1340838447213172,0.6389407902477906,raw,,,True,True,"control=emotion_label_permutation;members=angry,furious,anxious,sad,gloomy,miserable;family_max_stat_p=0.009950248756218905 | control=matched_random_centroid;members=angry,furious,anxious,sad,gloomy,miserable;family_max_stat_p=0.11940298507462686"
centroid,aligned,21,all_six_negative,cosine,0.11899156868457794,,0.07805099040269853,0.14902952797710897,0.07960199004975124,0.10613598673300166,0.009950248756218905,0.12866574674844738,0.6347997298135749,raw,,,True,True,"control=emotion_label_permutation;members=angry,furious,anxious,sad,gloomy,miserable;family_max_stat_p=0.009950248756218905 | control=matched_random_centroid;members=angry,furious,anxious,sad,gloomy,miserable;family_max_stat_p=0.11940298507462686"
centroid,aligned,22,all_six_negative,cosine,0.14617601037025452,,0.10942410975694657,0.17245571650564673,0.03980099502487562,0.05789235639981909,0.009950248756218905,0.13996644467115396,0.6411102513960103,raw,,,True,True,"control=emotion_label_permutation;members=angry,furious,anxious,sad,gloomy,miserable;family_max_stat_p=0.009950248756218905 | control=matched_random_centroid;members=angry,furious,anxious,sad,gloomy,miserable;family_max_stat_p=0.11940298507462686"
centroid,aligned,23,all_six_negative,cosine,0.15264567732810974,,0.11439383272081614,0.18042334131896498,0.03482587064676617,0.053492537313432835,0.009950248756218905,0.13533559143543242,0.6450254750937606,raw,,,True,True,"control=emotion_label_permutation;members=angry,furious,anxious,sad,gloomy,miserable;family_max_stat_p=0.009950248756218905 | control=matched_random_centroid;members=angry,furious,anxious,sad,gloomy,miserable;family_max_stat_p=0.11940298507462686"
centroid,aligned,24,all_six_negative,cosine,0.1700076013803482,,0.1397222623229027,0.1947708785533905,0.004975124378109453,0.016190235264356184,0.009950248756218905,0.13466730788350104,0.654386848590626,raw,,,True,True,"control=emotion_label_permutation;members=angry,furious,anxious,sad,gloomy,miserable;family_max_stat_p=0.009950248756218905 | control=matched_random_centroid;members=angry,furious,anxious,sad,gloomy,miserable;family_max_stat_p=0.11940298507462686"
centroid,aligned,25,all_six_negative,cosine,0.1665477752685547,,0.14101915545761587,0.19237748384475709,0.009950248756218905,0.020993931441692634,0.009950248756218905,0.13481968641281128,0.6557484678122052,raw,,,True,True,"control=emotion_label_permutation;members=angry,furious,anxious,sad,gloomy,miserable;family_max_stat_p=0.009950248756218905 | control=matched_random_centroid;members=angry,furious,anxious,sad,gloomy,miserable;family_max_stat_p=0.11940298507462686"
centroid,aligned,26,all_six_negative,cosine,0.17844711244106293,,0.14350929856300354,0.20776418820023537,0.014925373134328358,0.0255863539445629,0.009950248756218905,0.14239972904324522,0.6493859877347263,raw,,,True,True,"control=emotion_label_permutation;members=angry,furious,anxious,sad,gloomy,miserable;family_max_stat_p=0.009950248756218905 | control=matched_random_centroid;members=angry,furious,anxious,sad,gloomy,miserable;family_max_stat_p=0.11940298507462686"
centroid,aligned,27,all_six_negative,cosine,0.18692030012607574,,0.15052294433116914,0.21700228564441204,0.01990049751243781,0.032657226687077434,0.009950248756218905,0.1466556422412395,0.64961787573541,raw,,,True,True,"control=emotion_label_permutation;members=angry,furious,anxious,sad,gloomy,miserable;family_max_stat_p=0.009950248756218905 | control=matched_random_centroid;members=angry,furious,anxious,sad,gloomy,miserable;family_max_stat_p=0.11940298507462686"
centroid,aligned,28,all_six_negative,cosine,0.18973411619663239,,0.15523407310247422,0.21776114702224733,0.014925373134328358,0.0255863539445629,0.009950248756218905,0.13924728706479067,0.6517495521852541,raw,,,True,True,"control=emotion_label_permutation;members=angry,furious,anxious,sad,gloomy,miserable;family_max_stat_p=0.009950248756218905 | control=matched_random_centroid;members=angry,furious,anxious,sad,gloomy,miserable;family_max_stat_p=0.11940298507462686"
centroid,aligned,29,all_six_negative,cosine,0.16809482872486115,,0.13656412176787855,0.19617579579353334,0.014925373134328358,0.0255863539445629,0.009950248756218905,0.13318780958652496,0.6473700203815465,raw,,,True,True,"control=emotion_label_permutation;members=angry,furious,anxious,sad,gloomy,miserable;family_max_stat_p=0.009950248756218905 | control=matched_random_centroid;members=angry,furious,anxious,sad,gloomy,miserable;family_max_stat_p=0.11940298507462686"
centroid,aligned,30,all_six_negative,cosine,0.1738048642873764,,0.13590814843773844,0.20315638072788716,0.024875621890547265,0.039472061181694836,0.009950248756218905,0.1389438338577747,0.6565686597646716,raw,,,True,True,"control=emotion_label_permutation;members=angry,furious,anxious,sad,gloomy,miserable;family_max_stat_p=0.009950248756218905 | control=matched_random_centroid;members=angry,furious,anxious,sad,gloomy,miserable;family_max_stat_p=0.11940298507462686"
centroid,aligned,31,all_six_negative,cosine,0.18031729757785797,,0.1437580667436123,0.21265178807079793,0.03482587064676617,0.053492537313432835,0.009950248756218905,0.1479178063571453,0.6895288758037941,raw,,,True,True,"control=emotion_label_permutation;members=angry,furious,anxious,sad,gloomy,miserable;family_max_stat_p=0.009950248756218905 | control=matched_random_centroid;members=angry,furious,anxious,sad,gloomy,miserable;family_max_stat_p=0.11940298507462686"
centroid,aligned,32,all_six_negative,cosine,0.17932908236980438,,0.14562816321849822,0.20895231552422047,0.01990049751243781,0.032657226687077434,0.009950248756218905,0.1433628968894481,0.6851468090832906,raw,,,True,True,"control=emotion_label_permutation;members=angry,furious,anxious,sad,gloomy,miserable;family_max_stat_p=0.009950248756218905 | control=matched_random_centroid;members=angry,furious,anxious,sad,gloomy,miserable;family_max_stat_p=0.11940298507462686"
centroid,aligned,33,all_six_negative,cosine,0.17340710759162903,,0.14338274113833907,0.2031562127172947,0.014925373134328358,0.0255863539445629,0.009950248756218905,0.13655689358711243,0.6920265067268833,raw,,,True,True,"control=emotion_label_permutation;members=angry,furious,anxious,sad,gloomy,miserable;family_max_stat_p=0.009950248756218905 | control=matched_random_centroid;members=angry,furious,anxious,sad,gloomy,miserable;family_max_stat_p=0.11940298507462686"
centroid,aligned,34,all_six_negative,cosine,0.17481833696365356,,0.14332885816693308,0.20342295020818713,0.014925373134328358,0.0255863539445629,0.009950248756218905,0.13381903320550917,0.688007129983552,raw,,,True,True,"control=emotion_label_permutation;members=angry,furious,anxious,sad,gloomy,miserable;family_max_stat_p=0.009950248756218905 | control=matched_random_centroid;members=angry,furious,anxious,sad,gloomy,miserable;family_max_stat_p=0.11940298507462686"
centroid,aligned,35,all_six_negative,cosine,0.17185279726982117,,0.14084076061844827,0.2006177444010973,0.014925373134328358,0.0255863539445629,0.009950248756218905,0.13057771250605582,0.6859766159331673,raw,,,True,True,"control=emotion_label_permutation;members=angry,furious,anxious,sad,gloomy,miserable;family_max_stat_p=0.009950248756218905 | control=matched_random_centroid;members=angry,furious,anxious,sad,gloomy,miserable;family_max_stat_p=0.11940298507462686"
centroid,aligned,36,all_six_negative,cosine,0.17060618102550507,,0.14217901676893235,0.19624913707375527,0.014925373134328358,0.0255863539445629,0.009950248756218905,0.11907896511256694,0.6900575136483025,raw,,,True,True,"control=emotion_label_permutation;members=angry,furious,anxious,sad,gloomy,miserable;family_max_stat_p=0.009950248756218905 | control=matched_random_centroid;members=angry,furious,anxious,sad,gloomy,miserable;family_max_stat_p=0.11940298507462686"
centroid,aligned,37,all_six_negative,cosine,0.18157413601875305,,0.15579870566725731,0.20572185255587103,0.009950248756218905,0.020993931441692634,0.009950248756218905,0.11308386549353577,0.6944160023717401,raw,,,True,True,"control=emotion_label_permutation;members=angry,furious,anxious,sad,gloomy,miserable;family_max_stat_p=0.009950248756218905 | control=matched_random_centroid;members=angry,furious,anxious,sad,gloomy,miserable;family_max_stat_p=0.11940298507462686"
centroid,aligned,38,all_six_negative,cosine,0.188876211643219,,0.16137934513390065,0.21386014930903913,0.009950248756218905,0.020993931441692634,0.009950248756218905,0.1201264351606369,0.7036145440109906,raw,,,True,True,"control=emotion_label_permutation;members=angry,furious,anxious,sad,gloomy,miserable;family_max_stat_p=0.009950248756218905 | control=matched_random_centroid;members=angry,furious,anxious,sad,gloomy,miserable;family_max_stat_p=0.11940298507462686"
centroid,aligned,39,all_six_negative,cosine,0.18452590703964233,,0.16302389949560167,0.20451317131519317,0.004975124378109453,0.016190235264356184,0.009950248756218905,0.11311178728938093,0.7071056813813881,raw,,,True,True,"control=emotion_label_permutation;members=angry,furious,anxious,sad,gloomy,miserable;family_max_stat_p=0.009950248756218905 | control=matched_random_centroid;members=angry,furious,anxious,sad,gloomy,miserable;family_max_stat_p=0.11940298507462686"
centroid,aligned,40,all_six_negative,cosine,0.17424629628658295,,0.15032011233270168,0.19532996229827404,0.009950248756218905,0.020993931441692634,0.009950248756218905,0.11592903286218614,0.7168247484926338,raw,,,True,True,"control=emotion_label_permutation;members=angry,furious,anxious,sad,gloomy,miserable;family_max_stat_p=0.009950248756218905 | control=matched_random_centroid;members=angry,furious,anxious,sad,gloomy,miserable;family_max_stat_p=0.11940298507462686"
centroid,aligned,41,all_six_negative,cosine,0.16552162170410156,,0.14494394212961198,0.18455071821808816,0.014925373134328358,0.0255863539445629,0.009950248756218905,0.11397004052996616,0.7198005873100921,raw,,,True,True,"control=emotion_label_permutation;members=angry,furious,anxious,sad,gloomy,miserable;family_max_stat_p=0.009950248756218905 | control=matched_random_centroid;members=angry,furious,anxious,sad,gloomy,miserable;family_max_stat_p=0.11940298507462686"
centroid,aligned,42,all_six_negative,cosine,0.1645691841840744,,0.14597374126315116,0.18140491805970668,0.009950248756218905,0.020993931441692634,0.009950248756218905,0.11602374240756032,0.7240949620842523,raw,,,True,True,"control=emotion_label_permutation;members=angry,furious,anxious,sad,gloomy,miserable;family_max_stat_p=0.009950248756218905 | control=matched_random_centroid;members=angry,furious,anxious,sad,gloomy,miserable;family_max_stat_p=0.11940298507462686"
centroid,aligned,43,all_six_negative,cosine,0.16858744621276855,,0.14867574386298657,0.18614812456071378,0.009950248756218905,0.020993931441692634,0.009950248756218905,0.11467753984034043,0.723198767854887,raw,,,True,True,"control=emotion_label_permutation;members=angry,furious,anxious,sad,gloomy,miserable;family_max_stat_p=0.009950248756218905 | control=matched_random_centroid;members=angry,furious,anxious,sad,gloomy,miserable;family_max_stat_p=0.11940298507462686"
centroid,aligned,44,all_six_negative,cosine,0.1647755354642868,,0.1429437555372715,0.18253820575773716,0.009950248756218905,0.020993931441692634,0.009950248756218905,0.10794850103557085,0.7312309493546751,raw,,,True,True,"control=emotion_label_permutation;members=angry,furious,anxious,sad,gloomy,miserable;family_max_stat_p=0.009950248756218905 | control=matched_random_centroid;members=angry,furious,anxious,sad,gloomy,miserable;family_max_stat_p=0.11940298507462686"
centroid,aligned,45,all_six_negative,cosine,0.1685533970594406,,0.1438568901270628,0.18779598027467728,0.009950248756218905,0.020993931441692634,0.009950248756218905,0.11610844135284418,0.7198273613297953,raw,,,True,True,"control=emotion_label_permutation;members=angry,furious,anxious,sad,gloomy,miserable;family_max_stat_p=0.009950248756218905 | control=matched_random_centroid;members=angry,furious,anxious,sad,gloomy,miserable;family_max_stat_p=0.11940298507462686"
centroid,aligned,46,all_six_negative,cosine,0.18303020298480988,,0.15934623628854752,0.20367710180580617,0.009950248756218905,0.020993931441692634,0.009950248756218905,0.12847476750612258,0.7193075237795056,raw,,,True,True,"control=emotion_label_permutation;members=angry,furious,anxious,sad,gloomy,miserable;family_max_stat_p=0.009950248756218905 | control=matched_random_centroid;members=angry,furious,anxious,sad,gloomy,miserable;family_max_stat_p=0.11940298507462686"
centroid,aligned,47,all_six_negative,cosine,0.36636093258857727,,0.3324953965842724,0.3897551603615284,0.009950248756218905,0.020993931441692634,0.009950248756218905,0.23554037734866132,0.7687557810751308,raw,,,True,True,"control=emotion_label_permutation;members=angry,furious,anxious,sad,gloomy,miserable;family_max_stat_p=0.009950248756218905 | control=matched_random_centroid;members=angry,furious,anxious,sad,gloomy,miserable;family_max_stat_p=0.11940298507462686"
centroid,aligned,0,anger_fury,cosine,0.11536533385515213,,0.08617235533893108,0.12517972849309444,0.024875621890547265,0.039472061181694836,0.004975124378109453,0.09823510162532323,0.6185074600690037,raw,,,True,True,"control=emotion_label_permutation;members=angry,furious;family_max_stat_p=0.009950248756218905 | control=matched_random_centroid;members=angry,furious;family_max_stat_p=0.11940298507462686"
centroid,aligned,1,anger_fury,cosine,0.10876519978046417,,0.07661403212696316,0.1274174775928259,0.03980099502487562,0.05789235639981909,0.004975124378109453,0.10122857503592966,0.6261258321890926,raw,,,True,True,"control=emotion_label_permutation;members=angry,furious;family_max_stat_p=0.009950248756218905 | control=matched_random_centroid;members=angry,furious;family_max_stat_p=0.11940298507462686"
centroid,aligned,2,anger_fury,cosine,0.11231236904859543,,0.07603708673268557,0.13679352812469006,0.04477611940298507,0.06368159203980099,0.004975124378109453,0.09529508836567399,0.6314286135058319,raw,,,True,True,"control=emotion_label_permutation;members=angry,furious;family_max_stat_p=0.009950248756218905 | control=matched_random_centroid;members=angry,furious;family_max_stat_p=0.11940298507462686"
centroid,aligned,3,anger_fury,cosine,0.09369630366563797,,0.052792803943157204,0.12971337698400023,0.07462686567164178,0.10090393104898045,0.004975124378109453,0.11205269768834095,0.6441306735304453,raw,,,True,True,"control=emotion_label_permutation;members=angry,furious;family_max_stat_p=0.009950248756218905 | control=matched_random_centroid;members=angry,furious;family_max_stat_p=0.11940298507462686"
centroid,aligned,4,anger_fury,cosine,0.13752242922782898,,0.09253196604549885,0.1724857956171036,0.029850746268656716,0.04659628685839097,0.004975124378109453,0.10233268477022646,0.644685171358677,raw,,,True,True,"control=emotion_label_permutation;members=angry,furious;family_max_stat_p=0.009950248756218905 | control=matched_random_centroid;members=angry,furious;family_max_stat_p=0.11940298507462686"
centroid,aligned,5,anger_fury,cosine,0.16670900583267212,,0.12008259296417237,0.19835253581404685,0.014925373134328358,0.0255863539445629,0.004975124378109453,0.10818935185670851,0.6493206867958601,raw,,,True,True,"control=emotion_label_permutation;members=angry,furious;family_max_stat_p=0.009950248756218905 | control=matched_random_centroid;members=angry,furious;family_max_stat_p=0.11940298507462686"
centroid,aligned,6,anger_fury,cosine,0.1813667118549347,,0.14160904958844187,0.20433268174529076,0.014925373134328358,0.0255863539445629,0.004975124378109453,0.09945203959941862,0.6802786187558031,raw,,,True,True,"control=emotion_label_permutation;members=angry,furious;family_max_stat_p=0.009950248756218905 | control=matched_random_centroid;members=angry,furious;family_max_stat_p=0.11940298507462686"
centroid,aligned,7,anger_fury,cosine,0.18496784567832947,,0.14778383485972882,0.20778123997151854,0.004975124378109453,0.016190235264356184,0.004975124378109453,0.09910784810781474,0.712308916685229,raw,,,True,True,"control=emotion_label_permutation;members=angry,furious;family_max_stat_p=0.009950248756218905 | control=matched_random_centroid;members=angry,furious;family_max_stat_p=0.11940298507462686"
centroid,aligned,8,anger_fury,cosine,0.20781460404396057,,0.17365005351603033,0.2249145768582821,0.004975124378109453,0.016190235264356184,0.004975124378109453,0.09804943092167365,0.7232690302080684,raw,,,True,True,"control=emotion_label_permutation;members=angry,furious;family_max_stat_p=0.009950248756218905 | control=matched_random_centroid;members=angry,furious;family_max_stat_p=0.11940298507462686"
centroid,aligned,9,anger_fury,cosine,0.184703528881073,,0.15549502931535245,0.19881326667964458,0.004975124378109453,0.016190235264356184,0.004975124378109453,0.09770262129604801,0.7338347282024635,raw,,,True,True,"control=emotion_label_permutation;members=angry,furious;family_max_stat_p=0.009950248756218905 | control=matched_random_centroid;members=angry,furious;family_max_stat_p=0.11940298507462686"
centroid,aligned,10,anger_fury,cosine,0.19137707352638245,,0.1672833189368248,0.19933191016316415,0.009950248756218905,0.020993931441692634,0.004975124378109453,0.1084099680185318,0.7701422363755133,raw,,,True,True,"control=emotion_label_permutation;members=angry,furious;family_max_stat_p=0.009950248756218905 | control=matched_random_centroid;members=angry,furious;family_max_stat_p=0.11940298507462686"
centroid,aligned,11,anger_fury,cosine,0.19127598404884338,,0.16452958025038242,0.20197955891489983,0.009950248756218905,0.020993931441692634,0.004975124378109453,0.11544042155146599,0.7516409544550455,raw,,,True,True,"control=emotion_label_permutation;members=angry,furious;family_max_stat_p=0.009950248756218905 | control=matched_random_centroid;members=angry,furious;family_max_stat_p=0.11940298507462686"
centroid,aligned,12,anger_fury,cosine,0.20800651609897614,,0.1776167679578066,0.2208587031811476,0.009950248756218905,0.020993931441692634,0.004975124378109453,0.12718842700123784,0.7430566712538469,raw,,,True,True,"control=emotion_label_permutation;members=angry,furious;family_max_stat_p=0.009950248756218905 | control=matched_random_centroid;members=angry,furious;family_max_stat_p=0.11940298507462686"
centroid,aligned,13,anger_fury,cosine,0.21695101261138916,,0.1881722692400217,0.22922675795853137,0.009950248756218905,0.020993931441692634,0.004975124378109453,0.12469316422939292,0.768832150254591,raw,,,True,True,"control=emotion_label_permutation;members=angry,furious;family_max_stat_p=0.009950248756218905 | control=matched_random_centroid;members=angry,furious;family_max_stat_p=0.11940298507462686"
centroid,aligned,14,anger_fury,cosine,0.217958003282547,,0.1907508883625269,0.22772907167673112,0.009950248756218905,0.020993931441692634,0.004975124378109453,0.12917963638901708,0.7603792181192652,raw,,,True,True,"control=emotion_label_permutation;members=angry,furious;family_max_stat_p=0.009950248756218905 | control=matched_random_centroid;members=angry,furious;family_max_stat_p=0.11940298507462686"
centroid,aligned,15,anger_fury,cosine,0.19872762262821198,,0.17785235419869422,0.20799380876123905,0.009950248756218905,0.020993931441692634,0.004975124378109453,0.11364394724369048,0.7688909953540369,raw,,,True,True,"control=emotion_label_permutation;members=angry,furious;family_max_stat_p=0.009950248756218905 | control=matched_random_centroid;members=angry,furious;family_max_stat_p=0.11940298507462686"
centroid,aligned,16,anger_fury,cosine,0.23311497271060944,,0.20098763331770897,0.24656937010586263,0.009950248756218905,0.020993931441692634,0.004975124378109453,0.14043883606791494,0.7762994196392741,raw,,,True,True,"control=emotion_label_permutation;members=angry,furious;family_max_stat_p=0.009950248756218905 | control=matched_random_centroid;members=angry,furious;family_max_stat_p=0.11940298507462686"
centroid,aligned,17,anger_fury,cosine,0.2378806173801422,,0.20276746042072774,0.25209633111953733,0.009950248756218905,0.020993931441692634,0.004975124378109453,0.14538560286164284,0.7707877207817407,raw,,,True,True,"control=emotion_label_permutation;members=angry,furious;family_max_stat_p=0.009950248756218905 | control=matched_random_centroid;members=angry,furious;family_max_stat_p=0.11940298507462686"
centroid,aligned,18,anger_fury,cosine,0.23659281432628632,,0.20068242996931077,0.25150771364569663,0.009950248756218905,0.020993931441692634,0.004975124378109453,0.14110521450638766,0.7634028906738424,raw,,,True,True,"control=emotion_label_permutation;members=angry,furious;family_max_stat_p=0.009950248756218905 | control=matched_random_centroid;members=angry,furious;family_max_stat_p=0.11940298507462686"
centroid,aligned,19,anger_fury,cosine,0.24395471811294556,,0.21380507573485374,0.2563326694071293,0.009950248756218905,0.020993931441692634,0.004975124378109453,0.1435289718210696,0.7527225784446037,raw,,,True,True,"control=emotion_label_permutation;members=angry,furious;family_max_stat_p=0.009950248756218905 | control=matched_random_centroid;members=angry,furious;family_max_stat_p=0.11940298507462686"
centroid,aligned,20,anger_fury,cosine,0.25479334592819214,,0.22278921753168107,0.27139539569616317,0.009950248756218905,0.020993931441692634,0.004975124378109453,0.14757589474320407,0.7525162242493695,raw,,,True,True,"control=emotion_label_permutation;members=angry,furious;family_max_stat_p=0.009950248756218905 | control=matched_random_centroid;members=angry,furious;family_max_stat_p=0.11940298507462686"
centroid,aligned,21,anger_fury,cosine,0.25790247321128845,,0.22880386523902416,0.2682799227535725,0.009950248756218905,0.020993931441692634,0.004975124378109453,0.15360222756862635,0.752201412952777,raw,,,True,True,"control=emotion_label_permutation;members=angry,furious;family_max_stat_p=0.009950248756218905 | control=matched_random_centroid;members=angry,furious;family_max_stat_p=0.11940298507462686"
centroid,aligned,22,anger_fury,cosine,0.27317944169044495,,0.2476810947060585,0.27987269386649133,0.004975124378109453,0.016190235264356184,0.004975124378109453,0.15684919059276575,0.7539465126091205,raw,,,True,True,"control=emotion_label_permutation;members=angry,furious;family_max_stat_p=0.009950248756218905 | control=matched_random_centroid;members=angry,furious;family_max_stat_p=0.11940298507462686"
centroid,aligned,23,anger_fury,cosine,0.28647348284721375,,0.2592428639531136,0.29303663074970243,0.004975124378109453,0.016190235264356184,0.004975124378109453,0.16198095753788935,0.7453677670036363,raw,,,True,True,"control=emotion_label_permutation;members=angry,furious;family_max_stat_p=0.009950248756218905 | control=matched_random_centroid;members=angry,furious;family_max_stat_p=0.11940298507462686"
centroid,aligned,24,anger_fury,cosine,0.2913597822189331,,0.26491416022181513,0.29897270649671553,0.004975124378109453,0.016190235264356184,0.004975124378109453,0.16469419449567785,0.7234058431496763,raw,,,True,True,"control=emotion_label_permutation;members=angry,furious;family_max_stat_p=0.009950248756218905 | control=matched_random_centroid;members=angry,furious;family_max_stat_p=0.11940298507462686"
centroid,aligned,25,anger_fury,cosine,0.2838246524333954,,0.25278526321053507,0.294867666810751,0.004975124378109453,0.016190235264356184,0.004975124378109453,0.16242498904466623,0.7208391706967949,raw,,,True,True,"control=emotion_label_permutation;members=angry,furious;family_max_stat_p=0.009950248756218905 | control=matched_random_centroid;members=angry,furious;family_max_stat_p=0.11940298507462686"
centroid,aligned,26,anger_fury,cosine,0.30089491605758667,,0.27299241423606874,0.3099146634340286,0.004975124378109453,0.016190235264356184,0.004975124378109453,0.1654968999326229,0.7089047123775891,raw,,,True,True,"control=emotion_label_permutation;members=angry,furious;family_max_stat_p=0.009950248756218905 | control=matched_random_centroid;members=angry,furious;family_max_stat_p=0.11940298507462686"
centroid,aligned,27,anger_fury,cosine,0.3088400065898895,,0.27633859142661094,0.3182262822985649,0.004975124378109453,0.016190235264356184,0.004975124378109453,0.1735208950936794,0.705650524464905,raw,,,True,True,"control=emotion_label_permutation;members=angry,furious;family_max_stat_p=0.009950248756218905 | control=matched_random_centroid;members=angry,furious;family_max_stat_p=0.11940298507462686"
centroid,aligned,28,anger_fury,cosine,0.3037101626396179,,0.2737526811659336,0.3132558546960354,0.004975124378109453,0.016190235264356184,0.004975124378109453,0.1723649837076664,0.7090273412980961,raw,,,True,True,"control=emotion_label_permutation;members=angry,furious;family_max_stat_p=0.009950248756218905 | control=matched_random_centroid;members=angry,furious;family_max_stat_p=0.11940298507462686"
centroid,aligned,29,anger_fury,cosine,0.2843998074531555,,0.2525141403079033,0.2942385345697403,0.004975124378109453,0.016190235264356184,0.004975124378109453,0.15741573348641394,0.6905974210907,raw,,,True,True,"control=emotion_label_permutation;members=angry,furious;family_max_stat_p=0.009950248756218905 | control=matched_random_centroid;members=angry,furious;family_max_stat_p=0.11940298507462686"
centroid,aligned,30,anger_fury,cosine,0.2956448197364807,,0.26862145513296126,0.30322317481040956,0.004975124378109453,0.016190235264356184,0.004975124378109453,0.16874693557620038,0.7094312987759542,raw,,,True,True,"control=emotion_label_permutation;members=angry,furious;family_max_stat_p=0.009950248756218905 | control=matched_random_centroid;members=angry,furious;family_max_stat_p=0.11940298507462686"
centroid,aligned,31,anger_fury,cosine,0.321460485458374,,0.29464089050889014,0.3292826540768147,0.004975124378109453,0.016190235264356184,0.004975124378109453,0.18070815205574034,0.7464163742292593,raw,,,True,True,"control=emotion_label_permutation;members=angry,furious;family_max_stat_p=0.009950248756218905 | control=matched_random_centroid;members=angry,furious;family_max_stat_p=0.11940298507462686"
centroid,aligned,32,anger_fury,cosine,0.3056180775165558,,0.28235874846577647,0.3114549696445465,0.004975124378109453,0.016190235264356184,0.004975124378109453,0.1650108896195888,0.7477777414058486,raw,,,True,True,"control=emotion_label_permutation;members=angry,furious;family_max_stat_p=0.009950248756218905 | control=matched_random_centroid;members=angry,furious;family_max_stat_p=0.11940298507462686"
centroid,aligned,33,anger_fury,cosine,0.2831692099571228,,0.25905417948961257,0.29108111932873726,0.004975124378109453,0.016190235264356184,0.004975124378109453,0.15596272498369215,0.7431093591356939,raw,,,True,True,"control=emotion_label_permutation;members=angry,furious;family_max_stat_p=0.009950248756218905 | control=matched_random_centroid;members=angry,furious;family_max_stat_p=0.11940298507462686"
centroid,aligned,34,anger_fury,cosine,0.2881620526313782,,0.26473927348852155,0.2951234087347984,0.004975124378109453,0.016190235264356184,0.004975124378109453,0.1565322533249855,0.7550427536365851,raw,,,True,True,"control=emotion_label_permutation;members=angry,furious;family_max_stat_p=0.009950248756218905 | control=matched_random_centroid;members=angry,furious;family_max_stat_p=0.11940298507462686"
centroid,aligned,35,anger_fury,cosine,0.269595205783844,,0.24603119045495986,0.2790311798453331,0.004975124378109453,0.016190235264356184,0.004975124378109453,0.1438033737242221,0.7601500840860336,raw,,,True,True,"control=emotion_label_permutation;members=angry,furious;family_max_stat_p=0.009950248756218905 | control=matched_random_centroid;members=angry,furious;family_max_stat_p=0.11940298507462686"
centroid,aligned,36,anger_fury,cosine,0.2548627555370331,,0.22932858541607856,0.2659944251179695,0.004975124378109453,0.016190235264356184,0.004975124378109453,0.1376468524336815,0.75873002398258,raw,,,True,True,"control=emotion_label_permutation;members=angry,furious;family_max_stat_p=0.009950248756218905 | control=matched_random_centroid;members=angry,furious;family_max_stat_p=0.11940298507462686"
centroid,aligned,37,anger_fury,cosine,0.25117480754852295,,0.22197286486625672,0.26673420146107674,0.004975124378109453,0.016190235264356184,0.004975124378109453,0.13750910311937328,0.7596449747762832,raw,,,True,True,"control=emotion_label_permutation;members=angry,furious;family_max_stat_p=0.009950248756218905 | control=matched_random_centroid;members=angry,furious;family_max_stat_p=0.11940298507462686"
centroid,aligned,38,anger_fury,cosine,0.25921207666397095,,0.2315766151994467,0.2712423227727413,0.004975124378109453,0.016190235264356184,0.004975124378109453,0.14205226823687553,0.7681541683724709,raw,,,True,True,"control=emotion_label_permutation;members=angry,furious;family_max_stat_p=0.009950248756218905 | control=matched_random_centroid;members=angry,furious;family_max_stat_p=0.11940298507462686"
centroid,aligned,39,anger_fury,cosine,0.22848749160766602,,0.19609541520476342,0.24494120888412,0.004975124378109453,0.016190235264356184,0.004975124378109453,0.13051166012883184,0.7662772906714604,raw,,,True,True,"control=emotion_label_permutation;members=angry,furious;family_max_stat_p=0.009950248756218905 | control=matched_random_centroid;members=angry,furious;family_max_stat_p=0.11940298507462686"
centroid,aligned,40,anger_fury,cosine,0.23766274750232697,,0.21369054801762105,0.24980310313403606,0.004975124378109453,0.016190235264356184,0.004975124378109453,0.1324379295110702,0.7850964573005073,raw,,,True,True,"control=emotion_label_permutation;members=angry,furious;family_max_stat_p=0.009950248756218905 | control=matched_random_centroid;members=angry,furious;family_max_stat_p=0.11940298507462686"
centroid,aligned,41,anger_fury,cosine,0.21248352527618408,,0.18627692535519602,0.22724287137389182,0.004975124378109453,0.016190235264356184,0.004975124378109453,0.12753320559859277,0.7852517861675401,raw,,,True,True,"control=emotion_label_permutation;members=angry,furious;family_max_stat_p=0.009950248756218905 | control=matched_random_centroid;members=angry,furious;family_max_stat_p=0.11940298507462686"
centroid,aligned,42,anger_fury,cosine,0.19576524198055267,,0.16603027023375036,0.21341301687061787,0.004975124378109453,0.016190235264356184,0.004975124378109453,0.12487725690007209,0.7796424279000805,raw,,,True,True,"control=emotion_label_permutation;members=angry,furious;family_max_stat_p=0.009950248756218905 | control=matched_random_centroid;members=angry,furious;family_max_stat_p=0.11940298507462686"
centroid,aligned,43,anger_fury,cosine,0.21054208278656006,,0.18706358261406422,0.2228224340826273,0.004975124378109453,0.016190235264356184,0.004975124378109453,0.1273889660835266,0.7867181349199077,raw,,,True,True,"control=emotion_label_permutation;members=angry,furious;family_max_stat_p=0.009950248756218905 | control=matched_random_centroid;members=angry,furious;family_max_stat_p=0.11940298507462686"
centroid,aligned,44,anger_fury,cosine,0.21656981110572815,,0.19708642028272153,0.22434223107993603,0.004975124378109453,0.016190235264356184,0.004975124378109453,0.11939168944954864,0.7913182882107608,raw,,,True,True,"control=emotion_label_permutation;members=angry,furious;family_max_stat_p=0.009950248756218905 | control=matched_random_centroid;members=angry,furious;family_max_stat_p=0.11940298507462686"
centroid,aligned,45,anger_fury,cosine,0.22627387940883636,,0.20708311647176741,0.23330079019069672,0.004975124378109453,0.016190235264356184,0.004975124378109453,0.11984069570899009,0.7807771425056758,raw,,,True,True,"control=emotion_label_permutation;members=angry,furious;family_max_stat_p=0.009950248756218905 | control=matched_random_centroid;members=angry,furious;family_max_stat_p=0.11940298507462686"
centroid,aligned,46,anger_fury,cosine,0.22081446647644043,,0.196955331787467,0.23172866068780423,0.004975124378109453,0.016190235264356184,0.004975124378109453,0.12395768389105795,0.7894770712636772,raw,,,True,True,"control=emotion_label_permutation;members=angry,furious;family_max_stat_p=0.009950248756218905 | control=matched_random_centroid;members=angry,furious;family_max_stat_p=0.11940298507462686"
centroid,aligned,47,anger_fury,cosine,0.37611398100852966,,0.3391783356666565,0.39449358955025676,0.004975124378109453,0.016190235264356184,0.004975124378109453,0.22679897919297196,0.8493467366739096,raw,,,True,True,"control=emotion_label_permutation;members=angry,furious;family_max_stat_p=0.009950248756218905 | control=matched_random_centroid;members=angry,furious;family_max_stat_p=0.11940298507462686"
centroid,aligned,0,high_arousal_negative,cosine,0.1225505918264389,,0.09211575239896776,0.13540572226047518,0.009950248756218905,0.020993931441692634,0.004975124378109453,0.0839493427425623,0.5486980769492701,raw,,,True,True,"control=emotion_label_permutation;members=angry,furious,anxious;family_max_stat_p=0.009950248756218905 | control=matched_random_centroid;members=angry,furious,anxious;family_max_stat_p=0.11940298507462686"
centroid,aligned,1,high_arousal_negative,cosine,0.10669863224029541,,0.06776052042841912,0.13601179271936417,0.03980099502487562,0.05789235639981909,0.004975124378109453,0.09085353910922994,0.561161796309772,raw,,,True,True,"control=emotion_label_permutation;members=angry,furious,anxious;family_max_stat_p=0.009950248756218905 | control=matched_random_centroid;members=angry,furious,anxious;family_max_stat_p=0.11940298507462686"
centroid,aligned,2,high_arousal_negative,cosine,0.1150616854429245,,0.06456808652728796,0.1549172278493643,0.024875621890547265,0.039472061181694836,0.004975124378109453,0.09683961570262908,0.5642184623758314,raw,,,True,True,"control=emotion_label_permutation;members=angry,furious,anxious;family_max_stat_p=0.009950248756218905 | control=matched_random_centroid;members=angry,furious,anxious;family_max_stat_p=0.11940298507462686"
centroid,aligned,3,high_arousal_negative,cosine,0.09399404376745224,,0.037643573433160785,0.1380025666207075,0.05970149253731343,0.08428446005267778,0.004975124378109453,0.09558799415826796,0.5832685374528657,raw,,,True,True,"control=emotion_label_permutation;members=angry,furious,anxious;family_max_stat_p=0.009950248756218905 | control=matched_random_centroid;members=angry,furious,anxious;family_max_stat_p=0.11940298507462686"
centroid,aligned,4,high_arousal_negative,cosine,0.12288519740104675,,0.06959720216691494,0.16325700953602792,0.01990049751243781,0.032657226687077434,0.004975124378109453,0.10115483514964577,0.581012871073091,raw,,,True,True,"control=emotion_label_permutation;members=angry,furious,anxious;family_max_stat_p=0.009950248756218905 | control=matched_random_centroid;members=angry,furious,anxious;family_max_stat_p=0.11940298507462686"
centroid,aligned,5,high_arousal_negative,cosine,0.14615005254745483,,0.09383543096482753,0.1830929432064295,0.014925373134328358,0.0255863539445629,0.004975124378109453,0.09977008327841753,0.5897132242661344,raw,,,True,True,"control=emotion_label_permutation;members=angry,furious,anxious;family_max_stat_p=0.009950248756218905 | control=matched_random_centroid;members=angry,furious,anxious;family_max_stat_p=0.11940298507462686"
centroid,aligned,6,high_arousal_negative,cosine,0.1497708410024643,,0.1019861789420247,0.18161088041961193,0.014925373134328358,0.0255863539445629,0.004975124378109453,0.09513428956270217,0.632296321189199,raw,,,True,True,"control=emotion_label_permutation;members=angry,furious,anxious;family_max_stat_p=0.009950248756218905 | control=matched_random_centroid;members=angry,furious,anxious;family_max_stat_p=0.11940298507462686"
centroid,aligned,7,high_arousal_negative,cosine,0.15201923251152039,,0.10653005316853524,0.18125698007643223,0.014925373134328358,0.0255863539445629,0.004975124378109453,0.09215714447200296,0.6684522221054102,raw,,,True,True,"control=emotion_label_permutation;members=angry,furious,anxious;family_max_stat_p=0.009950248756218905 | control=matched_random_centroid;members=angry,furious,anxious;family_max_stat_p=0.11940298507462686"
centroid,aligned,8,high_arousal_negative,cosine,0.17135757207870483,,0.12777697928249837,0.19658161476254463,0.004975124378109453,0.016190235264356184,0.004975124378109453,0.09289697222411625,0.6843456196770867,raw,,,True,True,"control=emotion_label_permutation;members=angry,furious,anxious;family_max_stat_p=0.009950248756218905 | control=matched_random_centroid;members=angry,furious,anxious;family_max_stat_p=0.11940298507462686"
centroid,aligned,9,high_arousal_negative,cosine,0.1485685408115387,,0.10730418674647808,0.17136543467640877,0.009950248756218905,0.020993931441692634,0.004975124378109453,0.08450047150254247,0.6914651529792224,raw,,,True,True,"control=emotion_label_permutation;members=angry,furious,anxious;family_max_stat_p=0.009950248756218905 | control=matched_random_centroid;members=angry,furious,anxious;family_max_stat_p=0.11940298507462686"
centroid,aligned,10,high_arousal_negative,cosine,0.1555599570274353,,0.11988091915845871,0.17744460962712766,0.009950248756218905,0.020993931441692634,0.004975124378109453,0.09553034529089917,0.7444473681015135,raw,,,True,True,"control=emotion_label_permutation;members=angry,furious,anxious;family_max_stat_p=0.009950248756218905 | control=matched_random_centroid;members=angry,furious,anxious;family_max_stat_p=0.11940298507462686"
centroid,aligned,11,high_arousal_negative,cosine,0.15420201420783997,,0.11699055004864932,0.18090272694826126,0.014925373134328358,0.0255863539445629,0.004975124378109453,0.10183280892670155,0.722025448444613,raw,,,True,True,"control=emotion_label_permutation;members=angry,furious,anxious;family_max_stat_p=0.009950248756218905 | control=matched_random_centroid;members=angry,furious,anxious;family_max_stat_p=0.11940298507462686"
centroid,aligned,12,high_arousal_negative,cosine,0.163367360830307,,0.11999760288745165,0.19115567319095134,0.01990049751243781,0.032657226687077434,0.004975124378109453,0.12134855426847928,0.7107070263475402,raw,,,True,True,"control=emotion_label_permutation;members=angry,furious,anxious;family_max_stat_p=0.009950248756218905 | control=matched_random_centroid;members=angry,furious,anxious;family_max_stat_p=0.11940298507462686"
centroid,aligned,13,high_arousal_negative,cosine,0.17332962155342102,,0.13023389726877213,0.1993512559682131,0.014925373134328358,0.0255863539445629,0.004975124378109453,0.12903690263628956,0.7456856706850503,raw,,,True,True,"control=emotion_label_permutation;members=angry,furious,anxious;family_max_stat_p=0.009950248756218905 | control=matched_random_centroid;members=angry,furious,anxious;family_max_stat_p=0.11940298507462686"
centroid,aligned,14,high_arousal_negative,cosine,0.16494618356227875,,0.12416145522147418,0.18843971379101276,0.01990049751243781,0.032657226687077434,0.004975124378109453,0.12243039608001709,0.7356736797077299,raw,,,True,True,"control=emotion_label_permutation;members=angry,furious,anxious;family_max_stat_p=0.009950248756218905 | control=matched_random_centroid;members=angry,furious,anxious;family_max_stat_p=0.11940298507462686"
centroid,aligned,15,high_arousal_negative,cosine,0.14579395949840546,,0.11489016283303499,0.16478876546025276,0.014925373134328358,0.0255863539445629,0.004975124378109453,0.10496075153350821,0.7428684168281589,raw,,,True,True,"control=emotion_label_permutation;members=angry,furious,anxious;family_max_stat_p=0.009950248756218905 | control=matched_random_centroid;members=angry,furious,anxious;family_max_stat_p=0.11940298507462686"
centroid,aligned,16,high_arousal_negative,cosine,0.17417728900909424,,0.13421351909637452,0.19542752392590046,0.014925373134328358,0.0255863539445629,0.004975124378109453,0.13230884745717036,0.7615536713373228,raw,,,True,True,"control=emotion_label_permutation;members=angry,furious,anxious;family_max_stat_p=0.009950248756218905 | control=matched_random_centroid;members=angry,furious,anxious;family_max_stat_p=0.11940298507462686"
centroid,aligned,17,high_arousal_negative,cosine,0.17575141787528992,,0.13611532002687454,0.19652415998280048,0.014925373134328358,0.0255863539445629,0.004975124378109453,0.13452774211764335,0.7554004887847103,raw,,,True,True,"control=emotion_label_permutation;members=angry,furious,anxious;family_max_stat_p=0.009950248756218905 | control=matched_random_centroid;members=angry,furious,anxious;family_max_stat_p=0.11940298507462686"
centroid,aligned,18,high_arousal_negative,cosine,0.17527559399604797,,0.13741731382906439,0.19564745835959912,0.014925373134328358,0.0255863539445629,0.004975124378109453,0.13907654583454132,0.7530479951223452,raw,,,True,True,"control=emotion_label_permutation;members=angry,furious,anxious;family_max_stat_p=0.009950248756218905 | control=matched_random_centroid;members=angry,furious,anxious;family_max_stat_p=0.11940298507462686"
centroid,aligned,19,high_arousal_negative,cosine,0.17770060896873474,,0.14450213499367237,0.19766518734395505,0.014925373134328358,0.0255863539445629,0.004975124378109453,0.1307792298495769,0.7418699676307653,raw,,,True,True,"control=emotion_label_permutation;members=angry,furious,anxious;family_max_stat_p=0.009950248756218905 | control=matched_random_centroid;members=angry,furious,anxious;family_max_stat_p=0.11940298507462686"
centroid,aligned,20,high_arousal_negative,cosine,0.1873113214969635,,0.15386144146323205,0.2077746670693159,0.009950248756218905,0.020993931441692634,0.004975124378109453,0.13668500557541835,0.7428307815738385,raw,,,True,True,"control=emotion_label_permutation;members=angry,furious,anxious;family_max_stat_p=0.009950248756218905 | control=matched_random_centroid;members=angry,furious,anxious;family_max_stat_p=0.11940298507462686"
centroid,aligned,21,high_arousal_negative,cosine,0.19199521839618683,,0.16294741481542588,0.20910889692604542,0.004975124378109453,0.016190235264356184,0.004975124378109453,0.13323158919811232,0.7388068115246015,raw,,,True,True,"control=emotion_label_permutation;members=angry,furious,anxious;family_max_stat_p=0.009950248756218905 | control=matched_random_centroid;members=angry,furious,anxious;family_max_stat_p=0.11940298507462686"
centroid,aligned,22,high_arousal_negative,cosine,0.2141261249780655,,0.190181977301836,0.22862796112895012,0.004975124378109453,0.016190235264356184,0.004975124378109453,0.13355575725436192,0.7368521308995285,raw,,,True,True,"control=emotion_label_permutation;members=angry,furious,anxious;family_max_stat_p=0.009950248756218905 | control=matched_random_centroid;members=angry,furious,anxious;family_max_stat_p=0.11940298507462686"
centroid,aligned,23,high_arousal_negative,cosine,0.2274896800518036,,0.20300240367650985,0.24039406888186932,0.004975124378109453,0.016190235264356184,0.004975124378109453,0.14003796502947805,0.7434613250482444,raw,,,True,True,"control=emotion_label_permutation;members=angry,furious,anxious;family_max_stat_p=0.009950248756218905 | control=matched_random_centroid;members=angry,furious,anxious;family_max_stat_p=0.11940298507462686"
centroid,aligned,24,high_arousal_negative,cosine,0.23681122064590454,,0.21245035603642465,0.25024432465434077,0.004975124378109453,0.016190235264356184,0.004975124378109453,0.14877542853355405,0.7056277695187376,raw,,,True,True,"control=emotion_label_permutation;members=angry,furious,anxious;family_max_stat_p=0.009950248756218905 | control=matched_random_centroid;members=angry,furious,anxious;family_max_stat_p=0.11940298507462686"
centroid,aligned,25,high_arousal_negative,cosine,0.23373408615589142,,0.206089973077178,0.24630581103265287,0.004975124378109453,0.016190235264356184,0.004975124378109453,0.14203850701451293,0.705875720605307,raw,,,True,True,"control=emotion_label_permutation;members=angry,furious,anxious;family_max_stat_p=0.009950248756218905 | control=matched_random_centroid;members=angry,furious,anxious;family_max_stat_p=0.11940298507462686"
centroid,aligned,26,high_arousal_negative,cosine,0.24564485251903534,,0.2182667337357998,0.25889173373579977,0.004975124378109453,0.016190235264356184,0.004975124378109453,0.14620971679687494,0.6930077030025262,raw,,,True,True,"control=emotion_label_permutation;members=angry,furious,anxious;family_max_stat_p=0.009950248756218905 | control=matched_random_centroid;members=angry,furious,anxious;family_max_stat_p=0.11940298507462686"
centroid,aligned,27,high_arousal_negative,cosine,0.2521563172340393,,0.22273462414741516,0.2649630501866341,0.004975124378109453,0.016190235264356184,0.004975124378109453,0.14767392724752426,0.6916698302200709,raw,,,True,True,"control=emotion_label_permutation;members=angry,furious,anxious;family_max_stat_p=0.009950248756218905 | control=matched_random_centroid;members=angry,furious,anxious;family_max_stat_p=0.11940298507462686"
centroid,aligned,28,high_arousal_negative,cosine,0.2533320188522339,,0.2278039298951626,0.26452239975333214,0.004975124378109453,0.016190235264356184,0.004975124378109453,0.13858033865690222,0.6860054649841196,raw,,,True,True,"control=emotion_label_permutation;members=angry,furious,anxious;family_max_stat_p=0.009950248756218905 | control=matched_random_centroid;members=angry,furious,anxious;family_max_stat_p=0.11940298507462686"
centroid,aligned,29,high_arousal_negative,cosine,0.23506483435630798,,0.21067667938768864,0.24590088985860348,0.004975124378109453,0.016190235264356184,0.004975124378109453,0.12472940646111964,0.6692772439332241,raw,,,True,True,"control=emotion_label_permutation;members=angry,furious,anxious;family_max_stat_p=0.009950248756218905 | control=matched_random_centroid;members=angry,furious,anxious;family_max_stat_p=0.11940298507462686"
centroid,aligned,30,high_arousal_negative,cosine,0.24437633156776428,,0.2170960243791342,0.2590786747634411,0.004975124378109453,0.016190235264356184,0.004975124378109453,0.1333015091717243,0.6786325940469115,raw,,,True,True,"control=emotion_label_permutation;members=angry,furious,anxious;family_max_stat_p=0.009950248756218905 | control=matched_random_centroid;members=angry,furious,anxious;family_max_stat_p=0.11940298507462686"
centroid,aligned,31,high_arousal_negative,cosine,0.2670716643333435,,0.2368323802947998,0.28145275339484216,0.004975124378109453,0.016190235264356184,0.004975124378109453,0.14779523462057106,0.714542350651242,raw,,,True,True,"control=emotion_label_permutation;members=angry,furious,anxious;family_max_stat_p=0.009950248756218905 | control=matched_random_centroid;members=angry,furious,anxious;family_max_stat_p=0.11940298507462686"
centroid,aligned,32,high_arousal_negative,cosine,0.2590363621711731,,0.2311806920915842,0.27401961386203766,0.004975124378109453,0.016190235264356184,0.004975124378109453,0.14435361847281455,0.7186865512427887,raw,,,True,True,"control=emotion_label_permutation;members=angry,furious,anxious;family_max_stat_p=0.009950248756218905 | control=matched_random_centroid;members=angry,furious,anxious;family_max_stat_p=0.11940298507462686"
centroid,aligned,33,high_arousal_negative,cosine,0.24510914087295532,,0.22191401049494744,0.257271758466959,0.004975124378109453,0.016190235264356184,0.004975124378109453,0.13399041220545768,0.7050618876478396,raw,,,True,True,"control=emotion_label_permutation;members=angry,furious,anxious;family_max_stat_p=0.009950248756218905 | control=matched_random_centroid;members=angry,furious,anxious;family_max_stat_p=0.11940298507462686"
centroid,aligned,34,high_arousal_negative,cosine,0.25413116812705994,,0.22777150720357894,0.26819082871079447,0.004975124378109453,0.016190235264356184,0.004975124378109453,0.13501162007451056,0.7288530018810226,raw,,,True,True,"control=emotion_label_permutation;members=angry,furious,anxious;family_max_stat_p=0.009950248756218905 | control=matched_random_centroid;members=angry,furious,anxious;family_max_stat_p=0.11940298507462686"
centroid,aligned,35,high_arousal_negative,cosine,0.24174313247203827,,0.21532518416643143,0.25400755256414415,0.009950248756218905,0.020993931441692634,0.004975124378109453,0.12510473430156707,0.7370349142666747,raw,,,True,True,"control=emotion_label_permutation;members=angry,furious,anxious;family_max_stat_p=0.009950248756218905 | control=matched_random_centroid;members=angry,furious,anxious;family_max_stat_p=0.11940298507462686"
centroid,aligned,36,high_arousal_negative,cosine,0.23015733063220978,,0.20562567934393883,0.243529761582613,0.004975124378109453,0.016190235264356184,0.004975124378109453,0.1230980955064296,0.7345456115180825,raw,,,True,True,"control=emotion_label_permutation;members=angry,furious,anxious;family_max_stat_p=0.009950248756218905 | control=matched_random_centroid;members=angry,furious,anxious;family_max_stat_p=0.11940298507462686"
centroid,aligned,37,high_arousal_negative,cosine,0.2318049967288971,,0.2046616066247225,0.24397793412208557,0.004975124378109453,0.016190235264356184,0.004975124378109453,0.1260964974761009,0.7311949294320946,raw,,,True,True,"control=emotion_label_permutation;members=angry,furious,anxious;family_max_stat_p=0.009950248756218905 | control=matched_random_centroid;members=angry,furious,anxious;family_max_stat_p=0.11940298507462686"
centroid,aligned,38,high_arousal_negative,cosine,0.2409093677997589,,0.21551630571484565,0.2527162007987499,0.004975124378109453,0.016190235264356184,0.004975124378109453,0.12739590108394616,0.7415964980679907,raw,,,True,True,"control=emotion_label_permutation;members=angry,furious,anxious;family_max_stat_p=0.009950248756218905 | control=matched_random_centroid;members=angry,furious,anxious;family_max_stat_p=0.11940298507462686"
centroid,aligned,39,high_arousal_negative,cosine,0.2152208387851715,,0.18565600886940956,0.22822748087346553,0.004975124378109453,0.016190235264356184,0.004975124378109453,0.11666741035878656,0.7389331972317129,raw,,,True,True,"control=emotion_label_permutation;members=angry,furious,anxious;family_max_stat_p=0.009950248756218905 | control=matched_random_centroid;members=angry,furious,anxious;family_max_stat_p=0.11940298507462686"
centroid,aligned,40,high_arousal_negative,cosine,0.2241840809583664,,0.20186808705329895,0.23384751081466676,0.004975124378109453,0.016190235264356184,0.004975124378109453,0.1222695119678974,0.7618346223768414,raw,,,True,True,"control=emotion_label_permutation;members=angry,furious,anxious;family_max_stat_p=0.009950248756218905 | control=matched_random_centroid;members=angry,furious,anxious;family_max_stat_p=0.11940298507462686"
centroid,aligned,41,high_arousal_negative,cosine,0.20241668820381165,,0.17788419425487517,0.21199866756796837,0.004975124378109453,0.016190235264356184,0.004975124378109453,0.11301759220659732,0.7613698812681493,raw,,,True,True,"control=emotion_label_permutation;members=angry,furious,anxious;family_max_stat_p=0.009950248756218905 | control=matched_random_centroid;members=angry,furious,anxious;family_max_stat_p=0.11940298507462686"
centroid,aligned,42,high_arousal_negative,cosine,0.188486248254776,,0.15909620448946954,0.20385033190250396,0.004975124378109453,0.016190235264356184,0.004975124378109453,0.1141287066042423,0.7567515351905537,raw,,,True,True,"control=emotion_label_permutation;members=angry,furious,anxious;family_max_stat_p=0.009950248756218905 | control=matched_random_centroid;members=angry,furious,anxious;family_max_stat_p=0.11940298507462686"
centroid,aligned,43,high_arousal_negative,cosine,0.2042766511440277,,0.17916891686618328,0.21345365419983864,0.004975124378109453,0.016190235264356184,0.004975124378109453,0.11041627898812283,0.7696642212895313,raw,,,True,True,"control=emotion_label_permutation;members=angry,furious,anxious;family_max_stat_p=0.009950248756218905 | control=matched_random_centroid;members=angry,furious,anxious;family_max_stat_p=0.11940298507462686"
centroid,aligned,44,high_arousal_negative,cosine,0.21201133728027344,,0.19114036187529565,0.2198764741420746,0.004975124378109453,0.016190235264356184,0.004975124378109453,0.11076754555106162,0.7792094685780039,raw,,,True,True,"control=emotion_label_permutation;members=angry,furious,anxious;family_max_stat_p=0.009950248756218905 | control=matched_random_centroid;members=angry,furious,anxious;family_max_stat_p=0.11940298507462686"
centroid,aligned,45,high_arousal_negative,cosine,0.21935680508613586,,0.19737358577549458,0.23106616847217082,0.004975124378109453,0.016190235264356184,0.004975124378109453,0.10703169368207445,0.7684086167922312,raw,,,True,True,"control=emotion_label_permutation;members=angry,furious,anxious;family_max_stat_p=0.009950248756218905 | control=matched_random_centroid;members=angry,furious,anxious;family_max_stat_p=0.11940298507462686"
centroid,aligned,46,high_arousal_negative,cosine,0.2215636968612671,,0.19511418417096138,0.22995619289577007,0.004975124378109453,0.016190235264356184,0.004975124378109453,0.12384156920015811,0.7867689278326863,raw,,,True,True,"control=emotion_label_permutation;members=angry,furious,anxious;family_max_stat_p=0.009950248756218905 | control=matched_random_centroid;members=angry,furious,anxious;family_max_stat_p=0.11940298507462686"
centroid,aligned,47,high_arousal_negative,cosine,0.38278672099113464,,0.33690914139151573,0.39925816357135774,0.004975124378109453,0.016190235264356184,0.004975124378109453,0.22973214015364646,0.8268768917613094,raw,,,True,True,"control=emotion_label_permutation;members=angry,furious,anxious;family_max_stat_p=0.009950248756218905 | control=matched_random_centroid;members=angry,furious,anxious;family_max_stat_p=0.11940298507462686"
centroid,aligned,0,low_arousal_negative,cosine,0.005366872996091843,,-0.032397042680531736,0.0348525022156537,0.4427860696517413,0.44510432132531064,0.06965174129353234,0.07790033109486098,0.44582128210670563,raw,,,True,True,"control=emotion_label_permutation;members=sad,gloomy,miserable;family_max_stat_p=0.009950248756218905 | control=matched_random_centroid;members=sad,gloomy,miserable;family_max_stat_p=0.11940298507462686"
centroid,aligned,1,low_arousal_negative,cosine,0.04922714829444885,,-0.001455704984255128,0.08022908195853239,0.1890547263681592,0.23570459391354912,0.06965174129353234,0.08223159052431582,0.4734850883305804,raw,,,True,True,"control=emotion_label_permutation;members=sad,gloomy,miserable;family_max_stat_p=0.009950248756218905 | control=matched_random_centroid;members=sad,gloomy,miserable;family_max_stat_p=0.11940298507462686"
centroid,aligned,2,low_arousal_negative,cosine,0.09284904599189758,,0.03981795348227025,0.13018836453557014,0.07462686567164178,0.10090393104898045,0.06965174129353234,0.09863767474889752,0.5233832171786724,raw,,,True,True,"control=emotion_label_permutation;members=sad,gloomy,miserable;family_max_stat_p=0.009950248756218905 | control=matched_random_centroid;members=sad,gloomy,miserable;family_max_stat_p=0.11940298507462686"
centroid,aligned,3,low_arousal_negative,cosine,0.12359437346458435,,0.06221349602565171,0.16792970523238182,0.03980099502487562,0.05789235639981909,0.06965174129353234,0.11401103474199768,0.536383820009081,raw,,,True,True,"control=emotion_label_permutation;members=sad,gloomy,miserable;family_max_stat_p=0.009950248756218905 | control=matched_random_centroid;members=sad,gloomy,miserable;family_max_stat_p=0.11940298507462686"
centroid,aligned,4,low_arousal_negative,cosine,0.11286701261997223,,0.05437999777495864,0.15401494801044466,0.07960199004975124,0.10613598673300166,0.06965174129353234,0.12237863391637802,0.5155408391700524,raw,,,True,True,"control=emotion_label_permutation;members=sad,gloomy,miserable;family_max_stat_p=0.009950248756218905 | control=matched_random_centroid;members=sad,gloomy,miserable;family_max_stat_p=0.11940298507462686"
centroid,aligned,5,low_arousal_negative,cosine,0.10055765509605408,,0.04757371498271826,0.13946122229099275,0.1044776119402985,0.13462886907743163,0.06965174129353234,0.12384254820644852,0.5234961551550987,raw,,,True,True,"control=emotion_label_permutation;members=sad,gloomy,miserable;family_max_stat_p=0.009950248756218905 | control=matched_random_centroid;members=sad,gloomy,miserable;family_max_stat_p=0.11940298507462686"
centroid,aligned,6,low_arousal_negative,cosine,0.058720216155052185,,0.012063857121393113,0.09653068482875823,0.22388059701492538,0.26865671641791045,0.06965174129353234,0.11218800917267788,0.5434332115746301,raw,,,True,True,"control=emotion_label_permutation;members=sad,gloomy,miserable;family_max_stat_p=0.009950248756218905 | control=matched_random_centroid;members=sad,gloomy,miserable;family_max_stat_p=0.11940298507462686"
centroid,aligned,7,low_arousal_negative,cosine,0.05635230988264084,,0.013048631302081073,0.08802131228148939,0.21393034825870647,0.2599659928207066,0.06965174129353234,0.10788799114525316,0.5689046065020773,raw,,,True,True,"control=emotion_label_permutation;members=sad,gloomy,miserable;family_max_stat_p=0.009950248756218905 | control=matched_random_centroid;members=sad,gloomy,miserable;family_max_stat_p=0.11940298507462686"
centroid,aligned,8,low_arousal_negative,cosine,0.06847091764211655,,0.02805026713758711,0.10691076014190913,0.1890547263681592,0.23570459391354912,0.06965174129353234,0.11646610908210264,0.5694651155438827,raw,,,True,True,"control=emotion_label_permutation;members=sad,gloomy,miserable;family_max_stat_p=0.009950248756218905 | control=matched_random_centroid;members=sad,gloomy,miserable;family_max_stat_p=0.11940298507462686"
centroid,aligned,9,low_arousal_negative,cosine,0.012005997821688652,,-0.025177163723856155,0.04543488649651409,0.38308457711442784,0.39544214411811907,0.06965174129353234,0.10542045831680294,0.5623121083191299,raw,,,True,True,"control=emotion_label_permutation;members=sad,gloomy,miserable;family_max_stat_p=0.009950248756218905 | control=matched_random_centroid;members=sad,gloomy,miserable;family_max_stat_p=0.11940298507462686"
centroid,aligned,10,low_arousal_negative,cosine,0.019294055178761482,,-0.026044118497520672,0.05256269294768572,0.3482587064676617,0.36739380022962115,0.06965174129353234,0.11099646538496014,0.5946549417586375,raw,,,True,True,"control=emotion_label_permutation;members=sad,gloomy,miserable;family_max_stat_p=0.009950248756218905 | control=matched_random_centroid;members=sad,gloomy,miserable;family_max_stat_p=0.11940298507462686"
centroid,aligned,11,low_arousal_negative,cosine,0.04297143593430519,,-0.011601355252787457,0.08017894458025694,0.2835820895522388,0.3202809482001756,0.06965174129353234,0.12555852010846136,0.5889594654697679,raw,,,True,True,"control=emotion_label_permutation;members=sad,gloomy,miserable;family_max_stat_p=0.009950248756218905 | control=matched_random_centroid;members=sad,gloomy,miserable;family_max_stat_p=0.11940298507462686"
centroid,aligned,12,low_arousal_negative,cosine,0.042470209300518036,,-0.016822172189131377,0.07939612939953805,0.2736318407960199,0.31272210376687987,0.06965174129353234,0.1289008632302283,0.5856608524280775,raw,,,True,True,"control=emotion_label_permutation;members=sad,gloomy,miserable;family_max_stat_p=0.009950248756218905 | control=matched_random_centroid;members=sad,gloomy,miserable;family_max_stat_p=0.11940298507462686"
centroid,aligned,13,low_arousal_negative,cosine,0.04010000824928284,,-0.013402442447841117,0.077149928919971,0.2885572139303483,0.3239940647638998,0.06965174129353234,0.13586705401539792,0.5963001708446486,raw,,,True,True,"control=emotion_label_permutation;members=sad,gloomy,miserable;family_max_stat_p=0.009950248756218905 | control=matched_random_centroid;members=sad,gloomy,miserable;family_max_stat_p=0.11940298507462686"
centroid,aligned,14,low_arousal_negative,cosine,0.02603849582374096,,-0.029953847825527163,0.06453188117593528,0.35323383084577115,0.3706059864611369,0.06965174129353234,0.1299717314541339,0.5861173133195965,raw,,,True,True,"control=emotion_label_permutation;members=sad,gloomy,miserable;family_max_stat_p=0.009950248756218905 | control=matched_random_centroid;members=sad,gloomy,miserable;family_max_stat_p=0.11940298507462686"
centroid,aligned,15,low_arousal_negative,cosine,0.00686722481623292,,-0.03787204967811701,0.03907861094921827,0.42786069651741293,0.43465213614467346,0.06965174129353234,0.12299200631678103,0.6056993014925878,raw,,,True,True,"control=emotion_label_permutation;members=sad,gloomy,miserable;family_max_stat_p=0.009950248756218905 | control=matched_random_centroid;members=sad,gloomy,miserable;family_max_stat_p=0.11940298507462686"
centroid,aligned,16,low_arousal_negative,cosine,0.023358352482318878,,-0.0334613526239991,0.06136851841583849,0.3283582089552239,0.35418413550226396,0.06965174129353234,0.14073074907064437,0.6301464089567902,raw,,,True,True,"control=emotion_label_permutation;members=sad,gloomy,miserable;family_max_stat_p=0.009950248756218905 | control=matched_random_centroid;members=sad,gloomy,miserable;family_max_stat_p=0.11940298507462686"
centroid,aligned,17,low_arousal_negative,cosine,0.005965633783489466,,-0.044863032083958365,0.04407663950696591,0.4228855721393035,0.43188313750396956,0.06965174129353234,0.14305007606744763,0.6229262925483204,raw,,,True,True,"control=emotion_label_permutation;members=sad,gloomy,miserable;family_max_stat_p=0.009950248756218905 | control=matched_random_centroid;members=sad,gloomy,miserable;family_max_stat_p=0.11940298507462686"
centroid,aligned,18,low_arousal_negative,cosine,0.015180166810750961,,-0.03656917242333291,0.04922345699742438,0.373134328358209,0.38725292456635746,0.06965174129353234,0.13244973048567765,0.6347218525307602,raw,,,True,True,"control=emotion_label_permutation;members=sad,gloomy,miserable;family_max_stat_p=0.009950248756218905 | control=matched_random_centroid;members=sad,gloomy,miserable;family_max_stat_p=0.11940298507462686"
centroid,aligned,19,low_arousal_negative,cosine,0.005519641563296318,,-0.04869251344352958,0.04148821271955967,0.4427860696517413,0.44510432132531064,0.06965174129353234,0.13962344303727134,0.6328543525237963,raw,,,True,True,"control=emotion_label_permutation;members=sad,gloomy,miserable;family_max_stat_p=0.009950248756218905 | control=matched_random_centroid;members=sad,gloomy,miserable;family_max_stat_p=0.11940298507462686"
centroid,aligned,20,low_arousal_negative,cosine,0.0023402939550578594,,-0.05774956177920103,0.04248648341745139,0.4577114427860697,0.4577114427860696,0.06965174129353234,0.1484371803700923,0.625841825747852,raw,,,True,True,"control=emotion_label_permutation;members=sad,gloomy,miserable;family_max_stat_p=0.009950248756218905 | control=matched_random_centroid;members=sad,gloomy,miserable;family_max_stat_p=0.11940298507462686"
centroid,aligned,21,low_arousal_negative,cosine,0.011360589414834976,,-0.04303170936182141,0.050146697368472826,0.4129353233830846,0.42397637481043976,0.06965174129353234,0.14567380771040903,0.6179511208658174,raw,,,True,True,"control=emotion_label_permutation;members=sad,gloomy,miserable;family_max_stat_p=0.009950248756218905 | control=matched_random_centroid;members=sad,gloomy,miserable;family_max_stat_p=0.11940298507462686"
centroid,aligned,22,low_arousal_negative,cosine,0.03484746068716049,,-0.014242959511466306,0.07304916195571423,0.31840796019900497,0.3453916856395986,0.06965174129353234,0.1420883886516094,0.6248655397279214,raw,,,True,True,"control=emotion_label_permutation;members=sad,gloomy,miserable;family_max_stat_p=0.009950248756218905 | control=matched_random_centroid;members=sad,gloomy,miserable;family_max_stat_p=0.11940298507462686"
centroid,aligned,23,low_arousal_negative,cosine,0.032823704183101654,,-0.019337910739704933,0.07375197559595109,0.36318407960199006,0.3789746917585983,0.06965174129353234,0.14186736270785325,0.6218589940363866,raw,,,True,True,"control=emotion_label_permutation;members=sad,gloomy,miserable;family_max_stat_p=0.009950248756218905 | control=matched_random_centroid;members=sad,gloomy,miserable;family_max_stat_p=0.11940298507462686"
centroid,aligned,24,low_arousal_negative,cosine,0.05234523117542267,,0.004834253457374882,0.08663195036351681,0.27860696517412936,0.31652388942859666,0.06965174129353234,0.14212020337581616,0.6426388553623785,raw,,,True,True,"control=emotion_label_permutation;members=sad,gloomy,miserable;family_max_stat_p=0.009950248756218905 | control=matched_random_centroid;members=sad,gloomy,miserable;family_max_stat_p=0.11940298507462686"
centroid,aligned,25,low_arousal_negative,cosine,0.050288960337638855,,0.00620339155429975,0.08261238038539886,0.29850746268656714,0.33321763276640054,0.06965174129353234,0.14829336628317816,0.6399520426203311,raw,,,True,True,"control=emotion_label_permutation;members=sad,gloomy,miserable;family_max_stat_p=0.009950248756218905 | control=matched_random_centroid;members=sad,gloomy,miserable;family_max_stat_p=0.11940298507462686"
centroid,aligned,26,low_arousal_negative,cosine,0.05748710036277771,,0.009389847039710774,0.09612153973430396,0.25870646766169153,0.29743498078469927,0.06965174129353234,0.1540554448962211,0.6387214211586605,raw,,,True,True,"control=emotion_label_permutation;members=sad,gloomy,miserable;family_max_stat_p=0.009950248756218905 | control=matched_random_centroid;members=sad,gloomy,miserable;family_max_stat_p=0.11940298507462686"
centroid,aligned,27,low_arousal_negative,cosine,0.06589137762784958,,0.017076197161804925,0.10397102013230325,0.2537313432835821,0.29525101763907735,0.06965174129353234,0.1416651517152785,0.6414105837550389,raw,,,True,True,"control=emotion_label_permutation;members=sad,gloomy,miserable;family_max_stat_p=0.009950248756218905 | control=matched_random_centroid;members=sad,gloomy,miserable;family_max_stat_p=0.11940298507462686"
centroid,aligned,28,low_arousal_negative,cosine,0.06719765812158585,,0.017187339626252678,0.10583739988505841,0.25870646766169153,0.29743498078469927,0.06965174129353234,0.14287030994892114,0.6515698854933211,raw,,,True,True,"control=emotion_label_permutation;members=sad,gloomy,miserable;family_max_stat_p=0.009950248756218905 | control=matched_random_centroid;members=sad,gloomy,miserable;family_max_stat_p=0.11940298507462686"
centroid,aligned,29,low_arousal_negative,cosine,0.04661080241203308,,-0.00039628375088792854,0.0847341936081648,0.30845771144278605,0.34233456992494177,0.06965174129353234,0.13950128331780434,0.6385576350650821,raw,,,True,True,"control=emotion_label_permutation;members=sad,gloomy,miserable;family_max_stat_p=0.009950248756218905 | control=matched_random_centroid;members=sad,gloomy,miserable;family_max_stat_p=0.11940298507462686"
centroid,aligned,30,low_arousal_negative,cosine,0.04714041203260422,,-0.010753048607148223,0.09128495696932079,0.31840796019900497,0.3453916856395986,0.06965174129353234,0.14479015097022052,0.6527037534446479,raw,,,True,True,"control=emotion_label_permutation;members=sad,gloomy,miserable;family_max_stat_p=0.009950248756218905 | control=matched_random_centroid;members=sad,gloomy,miserable;family_max_stat_p=0.11940298507462686"
centroid,aligned,31,low_arousal_negative,cosine,0.03868447244167328,,-0.017847604211419815,0.08418172709643841,0.34328358208955223,0.36414612022759135,0.06965174129353234,0.16691218540072436,0.6860443250148576,raw,,,True,True,"control=emotion_label_permutation;members=sad,gloomy,miserable;family_max_stat_p=0.009950248756218905 | control=matched_random_centroid;members=sad,gloomy,miserable;family_max_stat_p=0.11940298507462686"
centroid,aligned,32,low_arousal_negative,cosine,0.04318605363368988,,-0.008256364101544013,0.0883685676380992,0.3333333333333333,0.3575418994413408,0.06965174129353234,0.1567592076957225,0.6812150624808632,raw,,,True,True,"control=emotion_label_permutation;members=sad,gloomy,miserable;family_max_stat_p=0.009950248756218905 | control=matched_random_centroid;members=sad,gloomy,miserable;family_max_stat_p=0.11940298507462686"
centroid,aligned,33,low_arousal_negative,cosine,0.04629147797822952,,0.0012831650441512557,0.0811041444540024,0.31840796019900497,0.3453916856395986,0.06965174129353234,0.15579688996076577,0.6892902042890349,raw,,,True,True,"control=emotion_label_permutation;members=sad,gloomy,miserable;family_max_stat_p=0.009950248756218905 | control=matched_random_centroid;members=sad,gloomy,miserable;family_max_stat_p=0.11940298507462686"
centroid,aligned,34,low_arousal_negative,cosine,0.040743276476860046,,-0.004917286080308249,0.07629755344241859,0.34328358208955223,0.36414612022759135,0.06965174129353234,0.158195024728775,0.6821763889337518,raw,,,True,True,"control=emotion_label_permutation;members=sad,gloomy,miserable;family_max_stat_p=0.009950248756218905 | control=matched_random_centroid;members=sad,gloomy,miserable;family_max_stat_p=0.11940298507462686"
centroid,aligned,35,low_arousal_negative,cosine,0.04751617833971977,,0.0020479977480135905,0.08255919199436905,0.31343283582089554,0.3453916856395986,0.06965174129353234,0.15327072292566296,0.6820723172176492,raw,,,True,True,"control=emotion_label_permutation;members=sad,gloomy,miserable;family_max_stat_p=0.009950248756218905 | control=matched_random_centroid;members=sad,gloomy,miserable;family_max_stat_p=0.11940298507462686"
centroid,aligned,36,low_arousal_negative,cosine,0.05266601964831352,,0.014445940451696518,0.08416585978120567,0.2537313432835821,0.29525101763907735,0.06965174129353234,0.14508620798587793,0.6848302567517839,raw,,,True,True,"control=emotion_label_permutation;members=sad,gloomy,miserable;family_max_stat_p=0.009950248756218905 | control=matched_random_centroid;members=sad,gloomy,miserable;family_max_stat_p=0.11940298507462686"
centroid,aligned,37,low_arousal_negative,cosine,0.06736151874065399,,0.02973511070013047,0.09770218040794135,0.24378109452736318,0.28715319109971615,0.06965174129353234,0.1455224029719829,0.6940468203164013,raw,,,True,True,"control=emotion_label_permutation;members=sad,gloomy,miserable;family_max_stat_p=0.009950248756218905 | control=matched_random_centroid;members=sad,gloomy,miserable;family_max_stat_p=0.11940298507462686"
centroid,aligned,38,low_arousal_negative,cosine,0.07031123340129852,,0.03144415020942688,0.10239785518497228,0.22885572139303484,0.27292110874200426,0.06965174129353234,0.1517410226166248,0.7000219470029504,raw,,,True,True,"control=emotion_label_permutation;members=sad,gloomy,miserable;family_max_stat_p=0.009950248756218905 | control=matched_random_centroid;members=sad,gloomy,miserable;family_max_stat_p=0.11940298507462686"
centroid,aligned,39,low_arousal_negative,cosine,0.08699994534254074,,0.05524373427033425,0.11332039423286915,0.17412935323383086,0.21995286724273372,0.06965174129353234,0.1462974920868872,0.7017990082352179,raw,,,True,True,"control=emotion_label_permutation;members=sad,gloomy,miserable;family_max_stat_p=0.009950248756218905 | control=matched_random_centroid;members=sad,gloomy,miserable;family_max_stat_p=0.11940298507462686"
centroid,aligned,40,low_arousal_negative,cosine,0.06373097002506256,,0.028759477287530904,0.09220542870461941,0.23383084577114427,0.2771328542472821,0.06965174129353234,0.14749570786952967,0.7121265002745784,raw,,,True,True,"control=emotion_label_permutation;members=sad,gloomy,miserable;family_max_stat_p=0.009950248756218905 | control=matched_random_centroid;members=sad,gloomy,miserable;family_max_stat_p=0.11940298507462686"
centroid,aligned,41,low_arousal_negative,cosine,0.07074787467718124,,0.04140592515468599,0.09717205706983804,0.208955223880597,0.2555375986310486,0.06965174129353234,0.13665282279253002,0.7144187562566289,raw,,,True,True,"control=emotion_label_permutation;members=sad,gloomy,miserable;family_max_stat_p=0.009950248756218905 | control=matched_random_centroid;members=sad,gloomy,miserable;family_max_stat_p=0.11940298507462686"
centroid,aligned,42,low_arousal_negative,cosine,0.08092492073774338,,0.05299351997673512,0.10457036215811968,0.17412935323383086,0.21995286724273372,0.06965174129353234,0.12818734496831885,0.7176418674822082,raw,,,True,True,"control=emotion_label_permutation;members=sad,gloomy,miserable;family_max_stat_p=0.009950248756218905 | control=matched_random_centroid;members=sad,gloomy,miserable;family_max_stat_p=0.11940298507462686"
centroid,aligned,43,low_arousal_negative,cosine,0.07341569662094116,,0.04536511097103358,0.09657831769436598,0.19900497512437812,0.24650938854116516,0.06965174129353234,0.13131474480032906,0.7164274624998009,raw,,,True,True,"control=emotion_label_permutation;members=sad,gloomy,miserable;family_max_stat_p=0.009950248756218905 | control=matched_random_centroid;members=sad,gloomy,miserable;family_max_stat_p=0.11940298507462686"
centroid,aligned,44,low_arousal_negative,cosine,0.06084481626749039,,0.03175975307822228,0.0848454672843218,0.22388059701492538,0.26865671641791045,0.06965174129353234,0.1373833559453487,0.7256711469775962,raw,,,True,True,"control=emotion_label_permutation;members=sad,gloomy,miserable;family_max_stat_p=0.009950248756218905 | control=matched_random_centroid;members=sad,gloomy,miserable;family_max_stat_p=0.11940298507462686"
centroid,aligned,45,low_arousal_negative,cosine,0.06071114167571068,,0.030385275371372703,0.08514895010739568,0.208955223880597,0.2555375986310486,0.06965174129353234,0.1268461294472216,0.7148575633589582,raw,,,True,True,"control=emotion_label_permutation;members=sad,gloomy,miserable;family_max_stat_p=0.009950248756218905 | control=matched_random_centroid;members=sad,gloomy,miserable;family_max_stat_p=0.11940298507462686"
centroid,aligned,46,low_arousal_negative,cosine,0.08509305864572525,,0.056636205036193134,0.11146716326475144,0.16417910447761194,0.21014925373134327,0.06965174129353234,0.13456528708338736,0.7143463230221156,raw,,,True,True,"control=emotion_label_permutation;members=sad,gloomy,miserable;family_max_stat_p=0.009950248756218905 | control=matched_random_centroid;members=sad,gloomy,miserable;family_max_stat_p=0.11940298507462686"
centroid,aligned,47,low_arousal_negative,cosine,0.2500605881214142,,0.20451673045754434,0.2829906180500984,0.06965174129353234,0.0955223880597015,0.06965174129353234,0.2594312325119971,0.7566297153010253,raw,,,True,True,"control=emotion_label_permutation;members=sad,gloomy,miserable;family_max_stat_p=0.009950248756218905 | control=matched_random_centroid;members=sad,gloomy,miserable;family_max_stat_p=0.11940298507462686"
centroid,misaligned,0,all_six_negative,cosine,0.08690902590751648,,0.05042587518692017,0.11966971158981325,0.04477611940298507,0.06415682780129205,0.009950248756218905,0.07723633125424381,0.4777551788049653,raw,,,True,True,"control=emotion_label_permutation;members=angry,furious,anxious,sad,gloomy,miserable;family_max_stat_p=0.009950248756218905 | control=matched_random_centroid;members=angry,furious,anxious,sad,gloomy,miserable;family_max_stat_p=0.12935323383084577"
centroid,misaligned,1,all_six_negative,cosine,0.11391375213861465,,0.06822064407169819,0.14755708761513234,0.024875621890547265,0.03883023904865915,0.009950248756218905,0.08605008162558053,0.5126745263470699,raw,,,True,True,"control=emotion_label_permutation;members=angry,furious,anxious,sad,gloomy,miserable;family_max_stat_p=0.009950248756218905 | control=matched_random_centroid;members=angry,furious,anxious,sad,gloomy,miserable;family_max_stat_p=0.12935323383084577"
centroid,misaligned,2,all_six_negative,cosine,0.15925928950309753,,0.10347362812608481,0.19578829295933248,0.009950248756218905,0.022743425728500355,0.009950248756218905,0.09868452697992325,0.5464227906934396,raw,,,True,True,"control=emotion_label_permutation;members=angry,furious,anxious,sad,gloomy,miserable;family_max_stat_p=0.009950248756218905 | control=matched_random_centroid;members=angry,furious,anxious,sad,gloomy,miserable;family_max_stat_p=0.12935323383084577"
centroid,misaligned,3,all_six_negative,cosine,0.1644575446844101,,0.10482699386775493,0.20191085636615755,0.009950248756218905,0.022743425728500355,0.009950248756218905,0.09627905525267119,0.5623836870148786,raw,,,True,True,"control=emotion_label_permutation;members=angry,furious,anxious,sad,gloomy,miserable;family_max_stat_p=0.009950248756218905 | control=matched_random_centroid;members=angry,furious,anxious,sad,gloomy,miserable;family_max_stat_p=0.12935323383084577"
centroid,misaligned,4,all_six_negative,cosine,0.169419527053833,,0.11476425342261792,0.19900531359016896,0.009950248756218905,0.022743425728500355,0.009950248756218905,0.09761843010783185,0.5479754382033692,raw,,,True,True,"control=emotion_label_permutation;members=angry,furious,anxious,sad,gloomy,miserable;family_max_stat_p=0.009950248756218905 | control=matched_random_centroid;members=angry,furious,anxious,sad,gloomy,miserable;family_max_stat_p=0.12935323383084577"
centroid,misaligned,5,all_six_negative,cosine,0.17546768486499786,,0.1254660565406084,0.2052636079490185,0.009950248756218905,0.022743425728500355,0.009950248756218905,0.09985610134899615,0.5557138884825746,raw,,,True,True,"control=emotion_label_permutation;members=angry,furious,anxious,sad,gloomy,miserable;family_max_stat_p=0.009950248756218905 | control=matched_random_centroid;members=angry,furious,anxious,sad,gloomy,miserable;family_max_stat_p=0.12935323383084577"
centroid,misaligned,6,all_six_negative,cosine,0.14417704939842224,,0.09738117773085833,0.17665551193058493,0.004975124378109453,0.017367706919945724,0.009950248756218905,0.0914692025631666,0.5796938399073367,raw,,,True,True,"control=emotion_label_permutation;members=angry,furious,anxious,sad,gloomy,miserable;family_max_stat_p=0.009950248756218905 | control=matched_random_centroid;members=angry,furious,anxious,sad,gloomy,miserable;family_max_stat_p=0.12935323383084577"
centroid,misaligned,7,all_six_negative,cosine,0.1405809223651886,,0.10108405631035566,0.17054770439863207,0.004975124378109453,0.017367706919945724,0.009950248756218905,0.09746125973761079,0.5961428337083059,raw,,,True,True,"control=emotion_label_permutation;members=angry,furious,anxious,sad,gloomy,miserable;family_max_stat_p=0.009950248756218905 | control=matched_random_centroid;members=angry,furious,anxious,sad,gloomy,miserable;family_max_stat_p=0.12935323383084577"
centroid,misaligned,8,all_six_negative,cosine,0.1567821055650711,,0.119508146494627,0.1847746901214123,0.014925373134328358,0.027554535017221583,0.009950248756218905,0.10171378441154948,0.5894030631816254,raw,,,True,True,"control=emotion_label_permutation;members=angry,furious,anxious,sad,gloomy,miserable;family_max_stat_p=0.009950248756218905 | control=matched_random_centroid;members=angry,furious,anxious,sad,gloomy,miserable;family_max_stat_p=0.12935323383084577"
centroid,misaligned,9,all_six_negative,cosine,0.10347884148359299,,0.07043033950030804,0.13299753442406656,0.03980099502487562,0.05789235639981909,0.009950248756218905,0.09233642406761645,0.5903535855929661,raw,,,True,True,"control=emotion_label_permutation;members=angry,furious,anxious,sad,gloomy,miserable;family_max_stat_p=0.009950248756218905 | control=matched_random_centroid;members=angry,furious,anxious,sad,gloomy,miserable;family_max_stat_p=0.12935323383084577"
centroid,misaligned,10,all_six_negative,cosine,0.11479827761650085,,0.08372816927731037,0.1437590442597866,0.03482587064676617,0.05265013515101657,0.009950248756218905,0.10148207880556583,0.6047019965975649,raw,,,True,True,"control=emotion_label_permutation;members=angry,furious,anxious,sad,gloomy,miserable;family_max_stat_p=0.009950248756218905 | control=matched_random_centroid;members=angry,furious,anxious,sad,gloomy,miserable;family_max_stat_p=0.12935323383084577"
centroid,misaligned,11,all_six_negative,cosine,0.13365596532821655,,0.09822831135243178,0.16275830343365671,0.024875621890547265,0.03883023904865915,0.009950248756218905,0.11137464642524714,0.6033974683798888,raw,,,True,True,"control=emotion_label_permutation;members=angry,furious,anxious,sad,gloomy,miserable;family_max_stat_p=0.009950248756218905 | control=matched_random_centroid;members=angry,furious,anxious,sad,gloomy,miserable;family_max_stat_p=0.12935323383084577"
centroid,misaligned,12,all_six_negative,cosine,0.14048321545124054,,0.09875551015138627,0.1724767465144396,0.024875621890547265,0.03883023904865915,0.009950248756218905,0.11934386640787119,0.5950841321585247,raw,,,True,True,"control=emotion_label_permutation;members=angry,furious,anxious,sad,gloomy,miserable;family_max_stat_p=0.009950248756218905 | control=matched_random_centroid;members=angry,furious,anxious,sad,gloomy,miserable;family_max_stat_p=0.12935323383084577"
centroid,misaligned,13,all_six_negative,cosine,0.13990461826324463,,0.10238637644797564,0.1697759333997965,0.03482587064676617,0.05265013515101657,0.009950248756218905,0.12427893653511997,0.6068031057399395,raw,,,True,True,"control=emotion_label_permutation;members=angry,furious,anxious,sad,gloomy,miserable;family_max_stat_p=0.009950248756218905 | control=matched_random_centroid;members=angry,furious,anxious,sad,gloomy,miserable;family_max_stat_p=0.12935323383084577"
centroid,misaligned,14,all_six_negative,cosine,0.12469037622213364,,0.08632120527327061,0.15571247078478337,0.05472636815920398,0.07726075504828797,0.009950248756218905,0.12357291169464578,0.6129936752089338,raw,,,True,True,"control=emotion_label_permutation;members=angry,furious,anxious,sad,gloomy,miserable;family_max_stat_p=0.009950248756218905 | control=matched_random_centroid;members=angry,furious,anxious,sad,gloomy,miserable;family_max_stat_p=0.12935323383084577"
centroid,misaligned,15,all_six_negative,cosine,0.0981135219335556,,0.06404457036405801,0.12978561632335187,0.07960199004975124,0.10687819643043524,0.009950248756218905,0.11400186382234095,0.6342467476079561,raw,,,True,True,"control=emotion_label_permutation;members=angry,furious,anxious,sad,gloomy,miserable;family_max_stat_p=0.009950248756218905 | control=matched_random_centroid;members=angry,furious,anxious,sad,gloomy,miserable;family_max_stat_p=0.12935323383084577"
centroid,misaligned,16,all_six_negative,cosine,0.12337572872638702,,0.0851761130616069,0.15363797396421433,0.06965174129353234,0.09620959948459143,0.009950248756218905,0.12621819600462908,0.6518021589770279,raw,,,True,True,"control=emotion_label_permutation;members=angry,furious,anxious,sad,gloomy,miserable;family_max_stat_p=0.009950248756218905 | control=matched_random_centroid;members=angry,furious,anxious,sad,gloomy,miserable;family_max_stat_p=0.12935323383084577"
centroid,misaligned,17,all_six_negative,cosine,0.11469463258981705,,0.07478377483785152,0.14794229455292227,0.06965174129353234,0.09620959948459143,0.009950248756218905,0.12837583646178244,0.6561438950377558,raw,,,True,True,"control=emotion_label_permutation;members=angry,furious,anxious,sad,gloomy,miserable;family_max_stat_p=0.009950248756218905 | control=matched_random_centroid;members=angry,furious,anxious,sad,gloomy,miserable;family_max_stat_p=0.12935323383084577"
centroid,misaligned,18,all_six_negative,cosine,0.11853110045194626,,0.08057810440659523,0.14763772748410703,0.07462686567164178,0.10161956176563988,0.009950248756218905,0.11992160156369193,0.6599302312148219,raw,,,True,True,"control=emotion_label_permutation;members=angry,furious,anxious,sad,gloomy,miserable;family_max_stat_p=0.009950248756218905 | control=matched_random_centroid;members=angry,furious,anxious,sad,gloomy,miserable;family_max_stat_p=0.12935323383084577"
centroid,misaligned,19,all_six_negative,cosine,0.10973522067070007,,0.07153050545603037,0.13924259021878244,0.10945273631840796,0.14103976760492837,0.009950248756218905,0.1316132992506026,0.6553408516789555,raw,,,True,True,"control=emotion_label_permutation;members=angry,furious,anxious,sad,gloomy,miserable;family_max_stat_p=0.009950248756218905 | control=matched_random_centroid;members=angry,furious,anxious,sad,gloomy,miserable;family_max_stat_p=0.12935323383084577"
centroid,misaligned,20,all_six_negative,cosine,0.11032915115356445,,0.06849934309720995,0.14372086375951768,0.09950248756218906,0.12996243273428776,0.009950248756218905,0.13266151696443557,0.6549269411650467,raw,,,True,True,"control=emotion_label_permutation;members=angry,furious,anxious,sad,gloomy,miserable;family_max_stat_p=0.009950248756218905 | control=matched_random_centroid;members=angry,furious,anxious,sad,gloomy,miserable;family_max_stat_p=0.12935323383084577"
centroid,misaligned,21,all_six_negative,cosine,0.11779698729515076,,0.07853327598422766,0.14957408532500266,0.08955223880597014,0.11776732774483746,0.009950248756218905,0.1370527639985084,0.6445076015127453,raw,,,True,True,"control=emotion_label_permutation;members=angry,furious,anxious,sad,gloomy,miserable;family_max_stat_p=0.009950248756218905 | control=matched_random_centroid;members=angry,furious,anxious,sad,gloomy,miserable;family_max_stat_p=0.12935323383084577"
centroid,misaligned,22,all_six_negative,cosine,0.14511986076831818,,0.10994103029370308,0.1743808936327696,0.04975124378109453,0.07075732448866778,0.009950248756218905,0.13770423382520666,0.6467384640089138,raw,,,True,True,"control=emotion_label_permutation;members=angry,furious,anxious,sad,gloomy,miserable;family_max_stat_p=0.009950248756218905 | control=matched_random_centroid;members=angry,furious,anxious,sad,gloomy,miserable;family_max_stat_p=0.12935323383084577"
centroid,misaligned,23,all_six_negative,cosine,0.15077729523181915,,0.11495123319327832,0.1800143908709288,0.03980099502487562,0.05789235639981909,0.009950248756218905,0.13901085034012792,0.6508541827926169,raw,,,True,True,"control=emotion_label_permutation;members=angry,furious,anxious,sad,gloomy,miserable;family_max_stat_p=0.009950248756218905 | control=matched_random_centroid;members=angry,furious,anxious,sad,gloomy,miserable;family_max_stat_p=0.12935323383084577"
centroid,misaligned,24,all_six_negative,cosine,0.16764310002326965,,0.13916809633374214,0.19441097043454647,0.01990049751243781,0.03293875450334534,0.009950248756218905,0.14445084258913993,0.6527972372095868,raw,,,True,True,"control=emotion_label_permutation;members=angry,furious,anxious,sad,gloomy,miserable;family_max_stat_p=0.009950248756218905 | control=matched_random_centroid;members=angry,furious,anxious,sad,gloomy,miserable;family_max_stat_p=0.12935323383084577"
centroid,misaligned,25,all_six_negative,cosine,0.16521993279457092,,0.13923115581274034,0.1910138722509146,0.01990049751243781,0.03293875450334534,0.009950248756218905,0.1426913611590862,0.6545164236395145,raw,,,True,True,"control=emotion_label_permutation;members=angry,furious,anxious,sad,gloomy,miserable;family_max_stat_p=0.009950248756218905 | control=matched_random_centroid;members=angry,furious,anxious,sad,gloomy,miserable;family_max_stat_p=0.12935323383084577"
centroid,misaligned,26,all_six_negative,cosine,0.17587000131607056,,0.14389712177217007,0.20542445592582226,0.014925373134328358,0.027554535017221583,0.009950248756218905,0.14576582312583908,0.6478713033647012,raw,,,True,True,"control=emotion_label_permutation;members=angry,furious,anxious,sad,gloomy,miserable;family_max_stat_p=0.009950248756218905 | control=matched_random_centroid;members=angry,furious,anxious,sad,gloomy,miserable;family_max_stat_p=0.12935323383084577"
centroid,misaligned,27,all_six_negative,cosine,0.18644464015960693,,0.15289350189268588,0.21575224325060846,0.01990049751243781,0.03293875450334534,0.009950248756218905,0.14686671867966636,0.6466934170713237,raw,,,True,True,"control=emotion_label_permutation;members=angry,furious,anxious,sad,gloomy,miserable;family_max_stat_p=0.009950248756218905 | control=matched_random_centroid;members=angry,furious,anxious,sad,gloomy,miserable;family_max_stat_p=0.12935323383084577"
centroid,misaligned,28,all_six_negative,cosine,0.19259938597679138,,0.1603734415024519,0.2200837828218937,0.014925373134328358,0.027554535017221583,0.009950248756218905,0.14590924009680742,0.6493897602811013,raw,,,True,True,"control=emotion_label_permutation;members=angry,furious,anxious,sad,gloomy,miserable;family_max_stat_p=0.009950248756218905 | control=matched_random_centroid;members=angry,furious,anxious,sad,gloomy,miserable;family_max_stat_p=0.12935323383084577"
centroid,misaligned,29,all_six_negative,cosine,0.17088645696640015,,0.14481310062110425,0.19894071407616137,0.024875621890547265,0.03883023904865915,0.009950248756218905,0.14230367243289943,0.6451415025098585,raw,,,True,True,"control=emotion_label_permutation;members=angry,furious,anxious,sad,gloomy,miserable;family_max_stat_p=0.009950248756218905 | control=matched_random_centroid;members=angry,furious,anxious,sad,gloomy,miserable;family_max_stat_p=0.12935323383084577"
centroid,misaligned,30,all_six_negative,cosine,0.1764751672744751,,0.1464708585292101,0.20432021245360374,0.024875621890547265,0.03883023904865915,0.009950248756218905,0.14258350282907484,0.660233118602312,raw,,,True,True,"control=emotion_label_permutation;members=angry,furious,anxious,sad,gloomy,miserable;family_max_stat_p=0.009950248756218905 | control=matched_random_centroid;members=angry,furious,anxious,sad,gloomy,miserable;family_max_stat_p=0.12935323383084577"
centroid,misaligned,31,all_six_negative,cosine,0.18204228579998016,,0.15141869857907297,0.21259360611438752,0.029850746268656716,0.04585074626865671,0.009950248756218905,0.1573946386575699,0.6983207823167024,raw,,,True,True,"control=emotion_label_permutation;members=angry,furious,anxious,sad,gloomy,miserable;family_max_stat_p=0.009950248756218905 | control=matched_random_centroid;members=angry,furious,anxious,sad,gloomy,miserable;family_max_stat_p=0.12935323383084577"
centroid,misaligned,32,all_six_negative,cosine,0.18045347929000854,,0.15116678699851038,0.2101863831281662,0.01990049751243781,0.03293875450334534,0.009950248756218905,0.14573192521929737,0.6930954646734906,raw,,,True,True,"control=emotion_label_permutation;members=angry,furious,anxious,sad,gloomy,miserable;family_max_stat_p=0.009950248756218905 | control=matched_random_centroid;members=angry,furious,anxious,sad,gloomy,miserable;family_max_stat_p=0.12935323383084577"
centroid,misaligned,33,all_six_negative,cosine,0.17386479675769806,,0.14433471634984016,0.20336721315979958,0.014925373134328358,0.027554535017221583,0.009950248756218905,0.14264844432473178,0.6987751856435233,raw,,,True,True,"control=emotion_label_permutation;members=angry,furious,anxious,sad,gloomy,miserable;family_max_stat_p=0.009950248756218905 | control=matched_random_centroid;members=angry,furious,anxious,sad,gloomy,miserable;family_max_stat_p=0.12935323383084577"
centroid,misaligned,34,all_six_negative,cosine,0.17623630166053772,,0.14446060955524445,0.2060130015015602,0.014925373134328358,0.027554535017221583,0.009950248756218905,0.14534021690487858,0.6981230203399944,raw,,,True,True,"control=emotion_label_permutation;members=angry,furious,anxious,sad,gloomy,miserable;family_max_stat_p=0.009950248756218905 | control=matched_random_centroid;members=angry,furious,anxious,sad,gloomy,miserable;family_max_stat_p=0.12935323383084577"
centroid,misaligned,35,all_six_negative,cosine,0.17213371396064758,,0.14088932424783707,0.20041481703519823,0.014925373134328358,0.027554535017221583,0.009950248756218905,0.13735856190323822,0.6968097316213089,raw,,,True,True,"control=emotion_label_permutation;members=angry,furious,anxious,sad,gloomy,miserable;family_max_stat_p=0.009950248756218905 | control=matched_random_centroid;members=angry,furious,anxious,sad,gloomy,miserable;family_max_stat_p=0.12935323383084577"
centroid,misaligned,36,all_six_negative,cosine,0.16982749104499817,,0.14190309010446073,0.19637153148651124,0.014925373134328358,0.027554535017221583,0.009950248756218905,0.12528731673955917,0.7002830856629765,raw,,,True,True,"control=emotion_label_permutation;members=angry,furious,anxious,sad,gloomy,miserable;family_max_stat_p=0.009950248756218905 | control=matched_random_centroid;members=angry,furious,anxious,sad,gloomy,miserable;family_max_stat_p=0.12935323383084577"
centroid,misaligned,37,all_six_negative,cosine,0.1802515685558319,,0.15453307293355464,0.2049986995756626,0.014925373134328358,0.027554535017221583,0.009950248756218905,0.12281899526715268,0.7054948471607243,raw,,,True,True,"control=emotion_label_permutation;members=angry,furious,anxious,sad,gloomy,miserable;family_max_stat_p=0.009950248756218905 | control=matched_random_centroid;members=angry,furious,anxious,sad,gloomy,miserable;family_max_stat_p=0.12935323383084577"
centroid,misaligned,38,all_six_negative,cosine,0.1880195140838623,,0.16031987182796,0.21303117386996748,0.014925373134328358,0.027554535017221583,0.009950248756218905,0.12302592098712921,0.7150465457356223,raw,,,True,True,"control=emotion_label_permutation;members=angry,furious,anxious,sad,gloomy,miserable;family_max_stat_p=0.009950248756218905 | control=matched_random_centroid;members=angry,furious,anxious,sad,gloomy,miserable;family_max_stat_p=0.12935323383084577"
centroid,misaligned,39,all_six_negative,cosine,0.1821262091398239,,0.15959412679076196,0.20226822793483734,0.009950248756218905,0.022743425728500355,0.009950248756218905,0.11725514009594912,0.7170111821349694,raw,,,True,True,"control=emotion_label_permutation;members=angry,furious,anxious,sad,gloomy,miserable;family_max_stat_p=0.009950248756218905 | control=matched_random_centroid;members=angry,furious,anxious,sad,gloomy,miserable;family_max_stat_p=0.12935323383084577"
centroid,misaligned,40,all_six_negative,cosine,0.1735522449016571,,0.14920183457434177,0.19597956351935863,0.01990049751243781,0.03293875450334534,0.009950248756218905,0.1214491866528987,0.7267338733899924,raw,,,True,True,"control=emotion_label_permutation;members=angry,furious,anxious,sad,gloomy,miserable;family_max_stat_p=0.009950248756218905 | control=matched_random_centroid;members=angry,furious,anxious,sad,gloomy,miserable;family_max_stat_p=0.12935323383084577"
centroid,misaligned,41,all_six_negative,cosine,0.16379621624946594,,0.14236395694315435,0.1833298109471798,0.014925373134328358,0.027554535017221583,0.009950248756218905,0.11658100560307495,0.7300193512477111,raw,,,True,True,"control=emotion_label_permutation;members=angry,furious,anxious,sad,gloomy,miserable;family_max_stat_p=0.009950248756218905 | control=matched_random_centroid;members=angry,furious,anxious,sad,gloomy,miserable;family_max_stat_p=0.12935323383084577"
centroid,misaligned,42,all_six_negative,cosine,0.1619424819946289,,0.1430197473615408,0.17908625155687333,0.009950248756218905,0.022743425728500355,0.009950248756218905,0.11400772780179977,0.7373138019410215,raw,,,True,True,"control=emotion_label_permutation;members=angry,furious,anxious,sad,gloomy,miserable;family_max_stat_p=0.009950248756218905 | control=matched_random_centroid;members=angry,furious,anxious,sad,gloomy,miserable;family_max_stat_p=0.12935323383084577"
centroid,misaligned,43,all_six_negative,cosine,0.16705626249313354,,0.14602167010307313,0.18492754250764848,0.014925373134328358,0.027554535017221583,0.009950248756218905,0.12087209746241569,0.7365152071655573,raw,,,True,True,"control=emotion_label_permutation;members=angry,furious,anxious,sad,gloomy,miserable;family_max_stat_p=0.009950248756218905 | control=matched_random_centroid;members=angry,furious,anxious,sad,gloomy,miserable;family_max_stat_p=0.12935323383084577"
centroid,misaligned,44,all_six_negative,cosine,0.1635637879371643,,0.14126292169094085,0.18198299519717695,0.014925373134328358,0.027554535017221583,0.009950248756218905,0.11617545112967473,0.74152438600921,raw,,,True,True,"control=emotion_label_permutation;members=angry,furious,anxious,sad,gloomy,miserable;family_max_stat_p=0.009950248756218905 | control=matched_random_centroid;members=angry,furious,anxious,sad,gloomy,miserable;family_max_stat_p=0.12935323383084577"
centroid,misaligned,45,all_six_negative,cosine,0.1676599681377411,,0.1441205285489559,0.18792312927544116,0.009950248756218905,0.022743425728500355,0.009950248756218905,0.11911099441349503,0.7359125184001016,raw,,,True,True,"control=emotion_label_permutation;members=angry,furious,anxious,sad,gloomy,miserable;family_max_stat_p=0.009950248756218905 | control=matched_random_centroid;members=angry,furious,anxious,sad,gloomy,miserable;family_max_stat_p=0.12935323383084577"
centroid,misaligned,46,all_six_negative,cosine,0.17922288179397583,,0.1545133512467146,0.20049336329102516,0.009950248756218905,0.022743425728500355,0.009950248756218905,0.12904944270849222,0.7442516910892586,raw,,,True,True,"control=emotion_label_permutation;members=angry,furious,anxious,sad,gloomy,miserable;family_max_stat_p=0.009950248756218905 | control=matched_random_centroid;members=angry,furious,anxious,sad,gloomy,miserable;family_max_stat_p=0.12935323383084577"
centroid,misaligned,47,all_six_negative,cosine,0.3655053973197937,,0.3307962864637375,0.392032403498888,0.009950248756218905,0.022743425728500355,0.009950248756218905,0.23883632719516754,0.7797836642598066,raw,,,True,True,"control=emotion_label_permutation;members=angry,furious,anxious,sad,gloomy,miserable;family_max_stat_p=0.009950248756218905 | control=matched_random_centroid;members=angry,furious,anxious,sad,gloomy,miserable;family_max_stat_p=0.12935323383084577"
centroid,misaligned,0,anger_fury,cosine,0.11560933291912079,,0.08667878229171037,0.12520119212567807,0.024875621890547265,0.03883023904865915,0.004975124378109453,0.09820978902280324,0.6188967232043727,raw,,,True,True,"control=emotion_label_permutation;members=angry,furious;family_max_stat_p=0.009950248756218905 | control=matched_random_centroid;members=angry,furious;family_max_stat_p=0.12935323383084577"
centroid,misaligned,1,anger_fury,cosine,0.10878637433052063,,0.07612453252077105,0.12755692154169082,0.03980099502487562,0.05789235639981909,0.004975124378109453,0.10084180384874342,0.6266739811362285,raw,,,True,True,"control=emotion_label_permutation;members=angry,furious;family_max_stat_p=0.009950248756218905 | control=matched_random_centroid;members=angry,furious;family_max_stat_p=0.12935323383084577"
centroid,misaligned,2,anger_fury,cosine,0.11148516833782196,,0.07542079482227564,0.13648372180759907,0.04477611940298507,0.06415682780129205,0.004975124378109453,0.09606867395341395,0.6333697283720592,raw,,,True,True,"control=emotion_label_permutation;members=angry,furious;family_max_stat_p=0.009950248756218905 | control=matched_random_centroid;members=angry,furious;family_max_stat_p=0.12935323383084577"
centroid,misaligned,3,anger_fury,cosine,0.09266781806945801,,0.051068829186260704,0.12955945357680324,0.07462686567164178,0.10161956176563988,0.004975124378109453,0.1106568671762941,0.6452279536066469,raw,,,True,True,"control=emotion_label_permutation;members=angry,furious;family_max_stat_p=0.009950248756218905 | control=matched_random_centroid;members=angry,furious;family_max_stat_p=0.12935323383084577"
centroid,misaligned,4,anger_fury,cosine,0.1365167647600174,,0.0911147953942418,0.17186703011393548,0.029850746268656716,0.04585074626865671,0.004975124378109453,0.10223776958882808,0.6444993572451725,raw,,,True,True,"control=emotion_label_permutation;members=angry,furious;family_max_stat_p=0.009950248756218905 | control=matched_random_centroid;members=angry,furious;family_max_stat_p=0.12935323383084577"
centroid,misaligned,5,anger_fury,cosine,0.16492153704166412,,0.11820291187614203,0.197160654515028,0.01990049751243781,0.03293875450334534,0.004975124378109453,0.10711978897452354,0.6489488838611794,raw,,,True,True,"control=emotion_label_permutation;members=angry,furious;family_max_stat_p=0.009950248756218905 | control=matched_random_centroid;members=angry,furious;family_max_stat_p=0.12935323383084577"
centroid,misaligned,6,anger_fury,cosine,0.18043503165245056,,0.140878788754344,0.20393836088478565,0.014925373134328358,0.027554535017221583,0.004975124378109453,0.09801967293024058,0.6805670290797511,raw,,,True,True,"control=emotion_label_permutation;members=angry,furious;family_max_stat_p=0.009950248756218905 | control=matched_random_centroid;members=angry,furious;family_max_stat_p=0.12935323383084577"
centroid,misaligned,7,anger_fury,cosine,0.1847151219844818,,0.1479700028896332,0.20824783220887186,0.004975124378109453,0.017367706919945724,0.004975124378109453,0.10244608521461483,0.7143277924268351,raw,,,True,True,"control=emotion_label_permutation;members=angry,furious;family_max_stat_p=0.009950248756218905 | control=matched_random_centroid;members=angry,furious;family_max_stat_p=0.12935323383084577"
centroid,misaligned,8,anger_fury,cosine,0.20705243945121765,,0.1725060921162367,0.22480314038693905,0.004975124378109453,0.017367706919945724,0.004975124378109453,0.10490611121058459,0.7264865359244949,raw,,,True,True,"control=emotion_label_permutation;members=angry,furious;family_max_stat_p=0.009950248756218905 | control=matched_random_centroid;members=angry,furious;family_max_stat_p=0.12935323383084577"
centroid,misaligned,9,anger_fury,cosine,0.18616482615470886,,0.15610757879912854,0.20159926116466523,0.004975124378109453,0.017367706919945724,0.004975124378109453,0.09839056059718117,0.7358743130212301,raw,,,True,True,"control=emotion_label_permutation;members=angry,furious;family_max_stat_p=0.009950248756218905 | control=matched_random_centroid;members=angry,furious;family_max_stat_p=0.12935323383084577"
centroid,misaligned,10,anger_fury,cosine,0.19709265232086182,,0.17265521585941315,0.20529705174267293,0.009950248756218905,0.022743425728500355,0.004975124378109453,0.11008194722235196,0.7731136665241138,raw,,,True,True,"control=emotion_label_permutation;members=angry,furious;family_max_stat_p=0.009950248756218905 | control=matched_random_centroid;members=angry,furious;family_max_stat_p=0.12935323383084577"
centroid,misaligned,11,anger_fury,cosine,0.2006397843360901,,0.1738143339753151,0.21206365264952184,0.009950248756218905,0.022743425728500355,0.004975124378109453,0.1181865807622671,0.7567289148268662,raw,,,True,True,"control=emotion_label_permutation;members=angry,furious;family_max_stat_p=0.009950248756218905 | control=matched_random_centroid;members=angry,furious;family_max_stat_p=0.12935323383084577"
centroid,misaligned,12,anger_fury,cosine,0.21816107630729675,,0.1869009356945753,0.23135713785886763,0.009950248756218905,0.022743425728500355,0.004975124378109453,0.1298185378313064,0.7521984428209905,raw,,,True,True,"control=emotion_label_permutation;members=angry,furious;family_max_stat_p=0.009950248756218905 | control=matched_random_centroid;members=angry,furious;family_max_stat_p=0.12935323383084577"
centroid,misaligned,13,anger_fury,cosine,0.22473250329494476,,0.19734383188188076,0.2359988745301962,0.009950248756218905,0.022743425728500355,0.004975124378109453,0.12830986604094494,0.7814266515047337,raw,,,True,True,"control=emotion_label_permutation;members=angry,furious;family_max_stat_p=0.009950248756218905 | control=matched_random_centroid;members=angry,furious;family_max_stat_p=0.12935323383084577"
centroid,misaligned,14,anger_fury,cosine,0.22632089257240295,,0.20004249587655068,0.23655745014548302,0.009950248756218905,0.022743425728500355,0.004975124378109453,0.1324624583125114,0.7745196306049358,raw,,,True,True,"control=emotion_label_permutation;members=angry,furious;family_max_stat_p=0.009950248756218905 | control=matched_random_centroid;members=angry,furious;family_max_stat_p=0.12935323383084577"
centroid,misaligned,15,anger_fury,cosine,0.20437872409820557,,0.18387443758547306,0.21356730610132219,0.009950248756218905,0.022743425728500355,0.004975124378109453,0.11602244265377516,0.7822749995215448,raw,,,True,True,"control=emotion_label_permutation;members=angry,furious;family_max_stat_p=0.009950248756218905 | control=matched_random_centroid;members=angry,furious;family_max_stat_p=0.12935323383084577"
centroid,misaligned,16,anger_fury,cosine,0.23915472626686096,,0.21019193716347218,0.25181540548801423,0.009950248756218905,0.022743425728500355,0.004975124378109453,0.14066126942634583,0.7913155350268934,raw,,,True,True,"control=emotion_label_permutation;members=angry,furious;family_max_stat_p=0.009950248756218905 | control=matched_random_centroid;members=angry,furious;family_max_stat_p=0.12935323383084577"
centroid,misaligned,17,anger_fury,cosine,0.24407625198364258,,0.2125795740634203,0.2567816011607647,0.009950248756218905,0.022743425728500355,0.004975124378109453,0.1439899012446403,0.7842433621978354,raw,,,True,True,"control=emotion_label_permutation;members=angry,furious;family_max_stat_p=0.009950248756218905 | control=matched_random_centroid;members=angry,furious;family_max_stat_p=0.12935323383084577"
centroid,misaligned,18,anger_fury,cosine,0.2414015233516693,,0.2095265656709671,0.2550605684518814,0.009950248756218905,0.022743425728500355,0.004975124378109453,0.13739184513688082,0.7771565529357256,raw,,,True,True,"control=emotion_label_permutation;members=angry,furious;family_max_stat_p=0.009950248756218905 | control=matched_random_centroid;members=angry,furious;family_max_stat_p=0.12935323383084577"
centroid,misaligned,19,anger_fury,cosine,0.24503037333488464,,0.21887218840420247,0.25628874301910404,0.009950248756218905,0.022743425728500355,0.004975124378109453,0.14041743651032446,0.7678029568368425,raw,,,True,True,"control=emotion_label_permutation;members=angry,furious;family_max_stat_p=0.009950248756218905 | control=matched_random_centroid;members=angry,furious;family_max_stat_p=0.12935323383084577"
centroid,misaligned,20,anger_fury,cosine,0.25678932666778564,,0.2291118148714304,0.272047920525074,0.009950248756218905,0.022743425728500355,0.004975124378109453,0.14938467666506763,0.7665973698107722,raw,,,True,True,"control=emotion_label_permutation;members=angry,furious;family_max_stat_p=0.009950248756218905 | control=matched_random_centroid;members=angry,furious;family_max_stat_p=0.12935323383084577"
centroid,misaligned,21,anger_fury,cosine,0.2621360421180725,,0.23531782142817975,0.2726724535226822,0.009950248756218905,0.022743425728500355,0.004975124378109453,0.151776537299156,0.7641927802569518,raw,,,True,True,"control=emotion_label_permutation;members=angry,furious;family_max_stat_p=0.009950248756218905 | control=matched_random_centroid;members=angry,furious;family_max_stat_p=0.12935323383084577"
centroid,misaligned,22,anger_fury,cosine,0.27832114696502686,,0.2554209314286709,0.28531521186232567,0.004975124378109453,0.017367706919945724,0.004975124378109453,0.15793889164924613,0.767062059550554,raw,,,True,True,"control=emotion_label_permutation;members=angry,furious;family_max_stat_p=0.009950248756218905 | control=matched_random_centroid;members=angry,furious;family_max_stat_p=0.12935323383084577"
centroid,misaligned,23,anger_fury,cosine,0.29235419631004333,,0.2672439761459827,0.30003575012087824,0.004975124378109453,0.017367706919945724,0.004975124378109453,0.16971700266003603,0.76326540219205,raw,,,True,True,"control=emotion_label_permutation;members=angry,furious;family_max_stat_p=0.009950248756218905 | control=matched_random_centroid;members=angry,furious;family_max_stat_p=0.12935323383084577"
centroid,misaligned,24,anger_fury,cosine,0.29820436239242554,,0.2743132710456848,0.3067706525325775,0.004975124378109453,0.017367706919945724,0.004975124378109453,0.17178468108177172,0.7524601620338907,raw,,,True,True,"control=emotion_label_permutation;members=angry,furious;family_max_stat_p=0.009950248756218905 | control=matched_random_centroid;members=angry,furious;family_max_stat_p=0.12935323383084577"
centroid,misaligned,25,anger_fury,cosine,0.2923097610473633,,0.2662059158086777,0.3033714696764946,0.004975124378109453,0.017367706919945724,0.004975124378109453,0.17198260128498075,0.7495913086936996,raw,,,True,True,"control=emotion_label_permutation;members=angry,furious;family_max_stat_p=0.009950248756218905 | control=matched_random_centroid;members=angry,furious;family_max_stat_p=0.12935323383084577"
centroid,misaligned,26,anger_fury,cosine,0.30781084299087524,,0.2804212935268879,0.31759611889719963,0.004975124378109453,0.017367706919945724,0.004975124378109453,0.16712305396795252,0.74277166825481,raw,,,True,True,"control=emotion_label_permutation;members=angry,furious;family_max_stat_p=0.009950248756218905 | control=matched_random_centroid;members=angry,furious;family_max_stat_p=0.12935323383084577"
centroid,misaligned,27,anger_fury,cosine,0.31751397252082825,,0.2872558504343033,0.32820617482066156,0.004975124378109453,0.017367706919945724,0.004975124378109453,0.1754298388957976,0.7418298244684658,raw,,,True,True,"control=emotion_label_permutation;members=angry,furious;family_max_stat_p=0.009950248756218905 | control=matched_random_centroid;members=angry,furious;family_max_stat_p=0.12935323383084577"
centroid,misaligned,28,anger_fury,cosine,0.3162171244621277,,0.28857439905405047,0.3267792411148548,0.004975124378109453,0.017367706919945724,0.004975124378109453,0.18089443445205683,0.7415490442435075,raw,,,True,True,"control=emotion_label_permutation;members=angry,furious;family_max_stat_p=0.009950248756218905 | control=matched_random_centroid;members=angry,furious;family_max_stat_p=0.12935323383084577"
centroid,misaligned,29,anger_fury,cosine,0.29744410514831543,,0.269621292501688,0.3089839108288288,0.004975124378109453,0.017367706919945724,0.004975124378109453,0.16274531260132777,0.722012108419058,raw,,,True,True,"control=emotion_label_permutation;members=angry,furious;family_max_stat_p=0.009950248756218905 | control=matched_random_centroid;members=angry,furious;family_max_stat_p=0.12935323383084577"
centroid,misaligned,30,anger_fury,cosine,0.30320024490356445,,0.2775068297982216,0.311611757427454,0.004975124378109453,0.017367706919945724,0.004975124378109453,0.1665462628006934,0.7450568347125688,raw,,,True,True,"control=emotion_label_permutation;members=angry,furious;family_max_stat_p=0.009950248756218905 | control=matched_random_centroid;members=angry,furious;family_max_stat_p=0.12935323383084577"
centroid,misaligned,31,anger_fury,cosine,0.3251121938228607,,0.2975651741027832,0.3351947285234928,0.004975124378109453,0.017367706919945724,0.004975124378109453,0.17773494869470585,0.7824312723010264,raw,,,True,True,"control=emotion_label_permutation;members=angry,furious;family_max_stat_p=0.009950248756218905 | control=matched_random_centroid;members=angry,furious;family_max_stat_p=0.12935323383084577"
centroid,misaligned,32,anger_fury,cosine,0.3094959259033203,,0.2858763255178928,0.31785594671964645,0.004975124378109453,0.017367706919945724,0.004975124378109453,0.17237722724676124,0.7842084446455507,raw,,,True,True,"control=emotion_label_permutation;members=angry,furious;family_max_stat_p=0.009950248756218905 | control=matched_random_centroid;members=angry,furious;family_max_stat_p=0.12935323383084577"
centroid,misaligned,33,anger_fury,cosine,0.29014745354652405,,0.26762287467718127,0.2975798428058624,0.004975124378109453,0.017367706919945724,0.004975124378109453,0.157819256186485,0.7827030578913396,raw,,,True,True,"control=emotion_label_permutation;members=angry,furious;family_max_stat_p=0.009950248756218905 | control=matched_random_centroid;members=angry,furious;family_max_stat_p=0.12935323383084577"
centroid,misaligned,34,anger_fury,cosine,0.2941631078720093,,0.27298166006803515,0.3021523654460907,0.004975124378109453,0.017367706919945724,0.004975124378109453,0.162083627283573,0.7895651515858355,raw,,,True,True,"control=emotion_label_permutation;members=angry,furious;family_max_stat_p=0.009950248756218905 | control=matched_random_centroid;members=angry,furious;family_max_stat_p=0.12935323383084577"
centroid,misaligned,35,anger_fury,cosine,0.27608221769332886,,0.25471968054771427,0.28505360037088395,0.004975124378109453,0.017367706919945724,0.004975124378109453,0.14893587082624418,0.7931048192563475,raw,,,True,True,"control=emotion_label_permutation;members=angry,furious;family_max_stat_p=0.009950248756218905 | control=matched_random_centroid;members=angry,furious;family_max_stat_p=0.12935323383084577"
centroid,misaligned,36,anger_fury,cosine,0.26201027631759644,,0.24250631593167782,0.27085652798414234,0.004975124378109453,0.017367706919945724,0.004975124378109453,0.14372530356049532,0.7900707614595319,raw,,,True,True,"control=emotion_label_permutation;members=angry,furious;family_max_stat_p=0.009950248756218905 | control=matched_random_centroid;members=angry,furious;family_max_stat_p=0.12935323383084577"
centroid,misaligned,37,anger_fury,cosine,0.26202577352523804,,0.2420632414519787,0.271334245800972,0.004975124378109453,0.017367706919945724,0.004975124378109453,0.1441259905695914,0.7927613246495289,raw,,,True,True,"control=emotion_label_permutation;members=angry,furious;family_max_stat_p=0.009950248756218905 | control=matched_random_centroid;members=angry,furious;family_max_stat_p=0.12935323383084577"
centroid,misaligned,38,anger_fury,cosine,0.268326997756958,,0.24931936487555503,0.27696883082389834,0.004975124378109453,0.017367706919945724,0.004975124378109453,0.1466280065476894,0.8002498743018619,raw,,,True,True,"control=emotion_label_permutation;members=angry,furious;family_max_stat_p=0.009950248756218905 | control=matched_random_centroid;members=angry,furious;family_max_stat_p=0.12935323383084577"
centroid,misaligned,39,anger_fury,cosine,0.24110811948776245,,0.21939285770058634,0.25158855095505717,0.004975124378109453,0.017367706919945724,0.004975124378109453,0.13749343007802958,0.7994401883744464,raw,,,True,True,"control=emotion_label_permutation;members=angry,furious;family_max_stat_p=0.009950248756218905 | control=matched_random_centroid;members=angry,furious;family_max_stat_p=0.12935323383084577"
centroid,misaligned,40,anger_fury,cosine,0.24575522541999817,,0.22919474728405476,0.2549978502094746,0.004975124378109453,0.017367706919945724,0.004975124378109453,0.14299343004822726,0.8160986336629739,raw,,,True,True,"control=emotion_label_permutation;members=angry,furious;family_max_stat_p=0.009950248756218905 | control=matched_random_centroid;members=angry,furious;family_max_stat_p=0.12935323383084577"
centroid,misaligned,41,anger_fury,cosine,0.22346706688404083,,0.20634182542562485,0.23298215344548226,0.004975124378109453,0.017367706919945724,0.004975124378109453,0.1347458668053149,0.8178409377276636,raw,,,True,True,"control=emotion_label_permutation;members=angry,furious;family_max_stat_p=0.009950248756218905 | control=matched_random_centroid;members=angry,furious;family_max_stat_p=0.12935323383084577"
centroid,misaligned,42,anger_fury,cosine,0.2092130184173584,,0.19038813300430774,0.21978552341461183,0.004975124378109453,0.017367706919945724,0.004975124378109453,0.13305805847048757,0.8124518437296137,raw,,,True,True,"control=emotion_label_permutation;members=angry,furious;family_max_stat_p=0.009950248756218905 | control=matched_random_centroid;members=angry,furious;family_max_stat_p=0.12935323383084577"
centroid,misaligned,43,anger_fury,cosine,0.22069957852363586,,0.20370779931545258,0.22968432419002058,0.004975124378109453,0.017367706919945724,0.004975124378109453,0.13281572014093387,0.817181389943719,raw,,,True,True,"control=emotion_label_permutation;members=angry,furious;family_max_stat_p=0.009950248756218905 | control=matched_random_centroid;members=angry,furious;family_max_stat_p=0.12935323383084577"
centroid,misaligned,44,anger_fury,cosine,0.22248545289039612,,0.2076225109398365,0.22948802895843984,0.004975124378109453,0.017367706919945724,0.004975124378109453,0.12945640012621876,0.8185979818595834,raw,,,True,True,"control=emotion_label_permutation;members=angry,furious;family_max_stat_p=0.009950248756218905 | control=matched_random_centroid;members=angry,furious;family_max_stat_p=0.12935323383084577"
centroid,misaligned,45,anger_fury,cosine,0.2275438904762268,,0.20982077084481715,0.235039247199893,0.004975124378109453,0.017367706919945724,0.004975124378109453,0.12192060910165303,0.809233679045646,raw,,,True,True,"control=emotion_label_permutation;members=angry,furious;family_max_stat_p=0.009950248756218905 | control=matched_random_centroid;members=angry,furious;family_max_stat_p=0.12935323383084577"
centroid,misaligned,46,anger_fury,cosine,0.22573207318782806,,0.2045559473335743,0.23542027100920676,0.004975124378109453,0.017367706919945724,0.004975124378109453,0.1258241355419158,0.8130607153029279,raw,,,True,True,"control=emotion_label_permutation;members=angry,furious;family_max_stat_p=0.009950248756218905 | control=matched_random_centroid;members=angry,furious;family_max_stat_p=0.12935323383084577"
centroid,misaligned,47,anger_fury,cosine,0.38506022095680237,,0.3507043085992336,0.40407467857003215,0.004975124378109453,0.017367706919945724,0.004975124378109453,0.2501573897898196,0.8667538212481263,raw,,,True,True,"control=emotion_label_permutation;members=angry,furious;family_max_stat_p=0.009950248756218905 | control=matched_random_centroid;members=angry,furious;family_max_stat_p=0.12935323383084577"
centroid,misaligned,0,high_arousal_negative,cosine,0.12256116420030594,,0.09223826248198749,0.13532760329544544,0.009950248756218905,0.022743425728500355,0.004975124378109453,0.08414657413959503,0.548880908433028,raw,,,True,True,"control=emotion_label_permutation;members=angry,furious,anxious;family_max_stat_p=0.009950248756218905 | control=matched_random_centroid;members=angry,furious,anxious;family_max_stat_p=0.12935323383084577"
centroid,misaligned,1,high_arousal_negative,cosine,0.10636566579341888,,0.06736767739057542,0.13573960699141027,0.03980099502487562,0.05789235639981909,0.004975124378109453,0.09055512323975552,0.561627021709546,raw,,,True,True,"control=emotion_label_permutation;members=angry,furious,anxious;family_max_stat_p=0.009950248756218905 | control=matched_random_centroid;members=angry,furious,anxious;family_max_stat_p=0.12935323383084577"
centroid,misaligned,2,high_arousal_negative,cosine,0.11411120742559433,,0.0635617047548294,0.15391503721475602,0.024875621890547265,0.03883023904865915,0.004975124378109453,0.09611284621059894,0.5663696513854487,raw,,,True,True,"control=emotion_label_permutation;members=angry,furious,anxious;family_max_stat_p=0.009950248756218905 | control=matched_random_centroid;members=angry,furious,anxious;family_max_stat_p=0.12935323383084577"
centroid,misaligned,3,high_arousal_negative,cosine,0.0928591787815094,,0.03675359692424536,0.13737151101231576,0.05970149253731343,0.08366924501579692,0.004975124378109453,0.09424448311328885,0.5845420299175437,raw,,,True,True,"control=emotion_label_permutation;members=angry,furious,anxious;family_max_stat_p=0.009950248756218905 | control=matched_random_centroid;members=angry,furious,anxious;family_max_stat_p=0.12935323383084577"
centroid,misaligned,4,high_arousal_negative,cosine,0.12202757596969604,,0.06913021430373192,0.16263317875564098,0.01990049751243781,0.03293875450334534,0.004975124378109453,0.09997435510158535,0.5798317486900469,raw,,,True,True,"control=emotion_label_permutation;members=angry,furious,anxious;family_max_stat_p=0.009950248756218905 | control=matched_random_centroid;members=angry,furious,anxious;family_max_stat_p=0.12935323383084577"
centroid,misaligned,5,high_arousal_negative,cosine,0.14501294493675232,,0.09305845983326436,0.18270220942795276,0.014925373134328358,0.027554535017221583,0.004975124378109453,0.10136882178485389,0.5868320027907226,raw,,,True,True,"control=emotion_label_permutation;members=angry,furious,anxious;family_max_stat_p=0.009950248756218905 | control=matched_random_centroid;members=angry,furious,anxious;family_max_stat_p=0.12935323383084577"
centroid,misaligned,6,high_arousal_negative,cosine,0.14916041493415833,,0.10123945660889148,0.18145548962056637,0.014925373134328358,0.027554535017221583,0.004975124378109453,0.09481710940599442,0.6298509044264317,raw,,,True,True,"control=emotion_label_permutation;members=angry,furious,anxious;family_max_stat_p=0.009950248756218905 | control=matched_random_centroid;members=angry,furious,anxious;family_max_stat_p=0.12935323383084577"
centroid,misaligned,7,high_arousal_negative,cosine,0.1517641544342041,,0.10566713772714138,0.1817671488970518,0.014925373134328358,0.027554535017221583,0.004975124378109453,0.09381557032465933,0.6683266853940171,raw,,,True,True,"control=emotion_label_permutation;members=angry,furious,anxious;family_max_stat_p=0.009950248756218905 | control=matched_random_centroid;members=angry,furious,anxious;family_max_stat_p=0.12935323383084577"
centroid,misaligned,8,high_arousal_negative,cosine,0.16930797696113586,,0.12727521732449532,0.19650361686944962,0.004975124378109453,0.017367706919945724,0.004975124378109453,0.09397909864783278,0.6843051219999039,raw,,,True,True,"control=emotion_label_permutation;members=angry,furious,anxious;family_max_stat_p=0.009950248756218905 | control=matched_random_centroid;members=angry,furious,anxious;family_max_stat_p=0.12935323383084577"
centroid,misaligned,9,high_arousal_negative,cosine,0.14906522631645203,,0.1068118067458272,0.1729403842240572,0.009950248756218905,0.022743425728500355,0.004975124378109453,0.09003396518528461,0.6921155287251811,raw,,,True,True,"control=emotion_label_permutation;members=angry,furious,anxious;family_max_stat_p=0.009950248756218905 | control=matched_random_centroid;members=angry,furious,anxious;family_max_stat_p=0.12935323383084577"
centroid,misaligned,10,high_arousal_negative,cosine,0.16034400463104248,,0.12288709618151188,0.1835789918899536,0.009950248756218905,0.022743425728500355,0.004975124378109453,0.09595152661204327,0.7459547321070236,raw,,,True,True,"control=emotion_label_permutation;members=angry,furious,anxious;family_max_stat_p=0.009950248756218905 | control=matched_random_centroid;members=angry,furious,anxious;family_max_stat_p=0.12935323383084577"
centroid,misaligned,11,high_arousal_negative,cosine,0.16299286484718323,,0.12195642665028572,0.1900938890874386,0.014925373134328358,0.027554535017221583,0.004975124378109453,0.10371487177908417,0.723034550557593,raw,,,True,True,"control=emotion_label_permutation;members=angry,furious,anxious;family_max_stat_p=0.009950248756218905 | control=matched_random_centroid;members=angry,furious,anxious;family_max_stat_p=0.12935323383084577"
centroid,misaligned,12,high_arousal_negative,cosine,0.1735658049583435,,0.1301804430782795,0.20202445834875107,0.01990049751243781,0.03293875450334534,0.004975124378109453,0.12050980404019355,0.7155468811782515,raw,,,True,True,"control=emotion_label_permutation;members=angry,furious,anxious;family_max_stat_p=0.009950248756218905 | control=matched_random_centroid;members=angry,furious,anxious;family_max_stat_p=0.12935323383084577"
centroid,misaligned,13,high_arousal_negative,cosine,0.1815652847290039,,0.13825925514101983,0.20867902226746082,0.014925373134328358,0.027554535017221583,0.004975124378109453,0.13124505802989006,0.7549001851307502,raw,,,True,True,"control=emotion_label_permutation;members=angry,furious,anxious;family_max_stat_p=0.009950248756218905 | control=matched_random_centroid;members=angry,furious,anxious;family_max_stat_p=0.12935323383084577"
centroid,misaligned,14,high_arousal_negative,cosine,0.17392858862876892,,0.13257483579218388,0.19717433229088785,0.01990049751243781,0.03293875450334534,0.004975124378109453,0.124537032470107,0.7471500672405565,raw,,,True,True,"control=emotion_label_permutation;members=angry,furious,anxious;family_max_stat_p=0.009950248756218905 | control=matched_random_centroid;members=angry,furious,anxious;family_max_stat_p=0.12935323383084577"
centroid,misaligned,15,high_arousal_negative,cosine,0.1518876999616623,,0.11999450530856848,0.17222555167973042,0.014925373134328358,0.027554535017221583,0.004975124378109453,0.10424014553427681,0.7535316266803677,raw,,,True,True,"control=emotion_label_permutation;members=angry,furious,anxious;family_max_stat_p=0.009950248756218905 | control=matched_random_centroid;members=angry,furious,anxious;family_max_stat_p=0.12935323383084577"
centroid,misaligned,16,high_arousal_negative,cosine,0.18171049654483795,,0.14332676604390143,0.20354569964110852,0.014925373134328358,0.027554535017221583,0.004975124378109453,0.13715187236666676,0.7732405573626268,raw,,,True,True,"control=emotion_label_permutation;members=angry,furious,anxious;family_max_stat_p=0.009950248756218905 | control=matched_random_centroid;members=angry,furious,anxious;family_max_stat_p=0.12935323383084577"
centroid,misaligned,17,high_arousal_negative,cosine,0.1836567372083664,,0.14618337526917458,0.20392382703721523,0.01990049751243781,0.03293875450334534,0.004975124378109453,0.13252639323472976,0.7644584768709527,raw,,,True,True,"control=emotion_label_permutation;members=angry,furious,anxious;family_max_stat_p=0.009950248756218905 | control=matched_random_centroid;members=angry,furious,anxious;family_max_stat_p=0.12935323383084577"
centroid,misaligned,18,high_arousal_negative,cosine,0.18251320719718933,,0.14772409424185753,0.20164332427084447,0.009950248756218905,0.022743425728500355,0.004975124378109453,0.13089976161718367,0.7605442875561131,raw,,,True,True,"control=emotion_label_permutation;members=angry,furious,anxious;family_max_stat_p=0.009950248756218905 | control=matched_random_centroid;members=angry,furious,anxious;family_max_stat_p=0.12935323383084577"
centroid,misaligned,19,high_arousal_negative,cosine,0.1800796091556549,,0.14844300262629986,0.1987209301441908,0.01990049751243781,0.03293875450334534,0.004975124378109453,0.1268044963479042,0.749428380297773,raw,,,True,True,"control=emotion_label_permutation;members=angry,furious,anxious;family_max_stat_p=0.009950248756218905 | control=matched_random_centroid;members=angry,furious,anxious;family_max_stat_p=0.12935323383084577"
centroid,misaligned,20,high_arousal_negative,cosine,0.18966838717460632,,0.15667747370898724,0.20836357139050962,0.01990049751243781,0.03293875450334534,0.004975124378109453,0.1343066908419132,0.7459758918004991,raw,,,True,True,"control=emotion_label_permutation;members=angry,furious,anxious;family_max_stat_p=0.009950248756218905 | control=matched_random_centroid;members=angry,furious,anxious;family_max_stat_p=0.12935323383084577"
centroid,misaligned,21,high_arousal_negative,cosine,0.1950395107269287,,0.16637260019779204,0.21163728274405005,0.009950248756218905,0.022743425728500355,0.004975124378109453,0.13662578910589215,0.7417208980832429,raw,,,True,True,"control=emotion_label_permutation;members=angry,furious,anxious;family_max_stat_p=0.009950248756218905 | control=matched_random_centroid;members=angry,furious,anxious;family_max_stat_p=0.12935323383084577"
centroid,misaligned,22,high_arousal_negative,cosine,0.21698249876499176,,0.19294385984539986,0.23173957131803039,0.004975124378109453,0.017367706919945724,0.004975124378109453,0.14111774265766142,0.739903553687288,raw,,,True,True,"control=emotion_label_permutation;members=angry,furious,anxious;family_max_stat_p=0.009950248756218905 | control=matched_random_centroid;members=angry,furious,anxious;family_max_stat_p=0.12935323383084577"
centroid,misaligned,23,high_arousal_negative,cosine,0.23047173023223877,,0.20580569729208947,0.2441496040672064,0.004975124378109453,0.017367706919945724,0.004975124378109453,0.14755397662520406,0.7444372992963023,raw,,,True,True,"control=emotion_label_permutation;members=angry,furious,anxious;family_max_stat_p=0.009950248756218905 | control=matched_random_centroid;members=angry,furious,anxious;family_max_stat_p=0.12935323383084577"
centroid,misaligned,24,high_arousal_negative,cosine,0.2380209118127823,,0.2145669136196375,0.25141949504613875,0.004975124378109453,0.017367706919945724,0.004975124378109453,0.15650899410247804,0.742862465110521,raw,,,True,True,"control=emotion_label_permutation;members=angry,furious,anxious;family_max_stat_p=0.009950248756218905 | control=matched_random_centroid;members=angry,furious,anxious;family_max_stat_p=0.12935323383084577"
centroid,misaligned,25,high_arousal_negative,cosine,0.23586711287498474,,0.2097497172653675,0.2504110991954803,0.004975124378109453,0.017367706919945724,0.004975124378109453,0.15122488066554068,0.7375324935282,raw,,,True,True,"control=emotion_label_permutation;members=angry,furious,anxious;family_max_stat_p=0.009950248756218905 | control=matched_random_centroid;members=angry,furious,anxious;family_max_stat_p=0.12935323383084577"
centroid,misaligned,26,high_arousal_negative,cosine,0.24772372841835022,,0.22226045094430447,0.2608314514160156,0.004975124378109453,0.017367706919945724,0.004975124378109453,0.14623226374387718,0.7274890347407396,raw,,,True,True,"control=emotion_label_permutation;members=angry,furious,anxious;family_max_stat_p=0.009950248756218905 | control=matched_random_centroid;members=angry,furious,anxious;family_max_stat_p=0.12935323383084577"
centroid,misaligned,27,high_arousal_negative,cosine,0.25624072551727295,,0.23016134314239026,0.27086698561906813,0.004975124378109453,0.017367706919945724,0.004975124378109453,0.14685917571187007,0.722213857509664,raw,,,True,True,"control=emotion_label_permutation;members=angry,furious,anxious;family_max_stat_p=0.009950248756218905 | control=matched_random_centroid;members=angry,furious,anxious;family_max_stat_p=0.12935323383084577"
centroid,misaligned,28,high_arousal_negative,cosine,0.25979623198509216,,0.2351664062589407,0.27106464803218844,0.004975124378109453,0.017367706919945724,0.004975124378109453,0.14041976109147056,0.7242141969495172,raw,,,True,True,"control=emotion_label_permutation;members=angry,furious,anxious;family_max_stat_p=0.009950248756218905 | control=matched_random_centroid;members=angry,furious,anxious;family_max_stat_p=0.12935323383084577"
centroid,misaligned,29,high_arousal_negative,cosine,0.2405579686164856,,0.2172142706811428,0.2522764056921005,0.009950248756218905,0.022743425728500355,0.004975124378109453,0.12751252427697177,0.6962097906768855,raw,,,True,True,"control=emotion_label_permutation;members=angry,furious,anxious;family_max_stat_p=0.009950248756218905 | control=matched_random_centroid;members=angry,furious,anxious;family_max_stat_p=0.12935323383084577"
centroid,misaligned,30,high_arousal_negative,cosine,0.24865448474884033,,0.22122865691781043,0.26260986328125,0.004975124378109453,0.017367706919945724,0.004975124378109453,0.13256958946585645,0.7263447343733358,raw,,,True,True,"control=emotion_label_permutation;members=angry,furious,anxious;family_max_stat_p=0.009950248756218905 | control=matched_random_centroid;members=angry,furious,anxious;family_max_stat_p=0.12935323383084577"
centroid,misaligned,31,high_arousal_negative,cosine,0.2697772979736328,,0.24100452549755574,0.28535763174295425,0.004975124378109453,0.017367706919945724,0.004975124378109453,0.15757181346416466,0.7668166035318554,raw,,,True,True,"control=emotion_label_permutation;members=angry,furious,anxious;family_max_stat_p=0.009950248756218905 | control=matched_random_centroid;members=angry,furious,anxious;family_max_stat_p=0.12935323383084577"
centroid,misaligned,32,high_arousal_negative,cosine,0.2612701654434204,,0.23363933451473715,0.27729064896702765,0.004975124378109453,0.017367706919945724,0.004975124378109453,0.14992629811167715,0.7657119545517889,raw,,,True,True,"control=emotion_label_permutation;members=angry,furious,anxious;family_max_stat_p=0.009950248756218905 | control=matched_random_centroid;members=angry,furious,anxious;family_max_stat_p=0.12935323383084577"
centroid,misaligned,33,high_arousal_negative,cosine,0.24717310070991516,,0.22357786148786546,0.25959437265992164,0.004975124378109453,0.017367706919945724,0.004975124378109453,0.13602176755666723,0.7697451833193569,raw,,,True,True,"control=emotion_label_permutation;members=angry,furious,anxious;family_max_stat_p=0.009950248756218905 | control=matched_random_centroid;members=angry,furious,anxious;family_max_stat_p=0.12935323383084577"
centroid,misaligned,34,high_arousal_negative,cosine,0.25665611028671265,,0.2299864474684,0.2715638168156147,0.004975124378109453,0.017367706919945724,0.004975124378109453,0.1409727782011032,0.7717423374626846,raw,,,True,True,"control=emotion_label_permutation;members=angry,furious,anxious;family_max_stat_p=0.009950248756218905 | control=matched_random_centroid;members=angry,furious,anxious;family_max_stat_p=0.12935323383084577"
centroid,misaligned,35,high_arousal_negative,cosine,0.2440377175807953,,0.2179726779460907,0.2569759003818035,0.009950248756218905,0.022743425728500355,0.004975124378109453,0.13912476301193236,0.775110453327612,raw,,,True,True,"control=emotion_label_permutation;members=angry,furious,anxious;family_max_stat_p=0.009950248756218905 | control=matched_random_centroid;members=angry,furious,anxious;family_max_stat_p=0.12935323383084577"
centroid,misaligned,36,high_arousal_negative,cosine,0.23150672018527985,,0.2093081634491682,0.24334443621337415,0.004975124378109453,0.017367706919945724,0.004975124378109453,0.13464796915650362,0.7697606578069951,raw,,,True,True,"control=emotion_label_permutation;members=angry,furious,anxious;family_max_stat_p=0.009950248756218905 | control=matched_random_centroid;members=angry,furious,anxious;family_max_stat_p=0.12935323383084577"
centroid,misaligned,37,high_arousal_negative,cosine,0.2347024530172348,,0.21427006423473358,0.24393044039607048,0.004975124378109453,0.017367706919945724,0.004975124378109453,0.12972018718719464,0.7726014179258979,raw,,,True,True,"control=emotion_label_permutation;members=angry,furious,anxious;family_max_stat_p=0.009950248756218905 | control=matched_random_centroid;members=angry,furious,anxious;family_max_stat_p=0.12935323383084577"
centroid,misaligned,38,high_arousal_negative,cosine,0.24358665943145752,,0.22269296385347842,0.25234104320406914,0.004975124378109453,0.017367706919945724,0.004975124378109453,0.1387630745768547,0.7797802400103137,raw,,,True,True,"control=emotion_label_permutation;members=angry,furious,anxious;family_max_stat_p=0.009950248756218905 | control=matched_random_centroid;members=angry,furious,anxious;family_max_stat_p=0.12935323383084577"
centroid,misaligned,39,high_arousal_negative,cosine,0.21867167949676514,,0.19779174141585829,0.22851840294897557,0.004975124378109453,0.017367706919945724,0.004975124378109453,0.12111111022531977,0.778895565849343,raw,,,True,True,"control=emotion_label_permutation;members=angry,furious,anxious;family_max_stat_p=0.009950248756218905 | control=matched_random_centroid;members=angry,furious,anxious;family_max_stat_p=0.12935323383084577"
centroid,misaligned,40,high_arousal_negative,cosine,0.22628015279769897,,0.20911406241357328,0.2341227699071169,0.004975124378109453,0.017367706919945724,0.004975124378109453,0.12722889557480804,0.7950538053149496,raw,,,True,True,"control=emotion_label_permutation;members=angry,furious,anxious;family_max_stat_p=0.009950248756218905 | control=matched_random_centroid;members=angry,furious,anxious;family_max_stat_p=0.12935323383084577"
centroid,misaligned,41,high_arousal_negative,cosine,0.20535212755203247,,0.18782395496964455,0.2134076114743948,0.004975124378109453,0.017367706919945724,0.004975124378109453,0.11566545255482188,0.796242535190015,raw,,,True,True,"control=emotion_label_permutation;members=angry,furious,anxious;family_max_stat_p=0.009950248756218905 | control=matched_random_centroid;members=angry,furious,anxious;family_max_stat_p=0.12935323383084577"
centroid,misaligned,42,high_arousal_negative,cosine,0.19188225269317627,,0.17239308170974255,0.20123738795518875,0.009950248756218905,0.022743425728500355,0.004975124378109453,0.11975897103548049,0.7880096173926966,raw,,,True,True,"control=emotion_label_permutation;members=angry,furious,anxious;family_max_stat_p=0.009950248756218905 | control=matched_random_centroid;members=angry,furious,anxious;family_max_stat_p=0.12935323383084577"
centroid,misaligned,43,high_arousal_negative,cosine,0.20730023086071014,,0.18887331895530224,0.2147608332335949,0.004975124378109453,0.017367706919945724,0.004975124378109453,0.11646535806357847,0.7920492369867839,raw,,,True,True,"control=emotion_label_permutation;members=angry,furious,anxious;family_max_stat_p=0.009950248756218905 | control=matched_random_centroid;members=angry,furious,anxious;family_max_stat_p=0.12935323383084577"
centroid,misaligned,44,high_arousal_negative,cosine,0.21299192309379578,,0.19515926130115985,0.2205076552927494,0.004975124378109453,0.017367706919945724,0.004975124378109453,0.11033267043530935,0.7928201500236634,raw,,,True,True,"control=emotion_label_permutation;members=angry,furious,anxious;family_max_stat_p=0.009950248756218905 | control=matched_random_centroid;members=angry,furious,anxious;family_max_stat_p=0.12935323383084577"
centroid,misaligned,45,high_arousal_negative,cosine,0.21824827790260315,,0.19761140011250972,0.2292111709713936,0.004975124378109453,0.017367706919945724,0.004975124378109453,0.11166322343051427,0.7844059414723888,raw,,,True,True,"control=emotion_label_permutation;members=angry,furious,anxious;family_max_stat_p=0.009950248756218905 | control=matched_random_centroid;members=angry,furious,anxious;family_max_stat_p=0.12935323383084577"
centroid,misaligned,46,high_arousal_negative,cosine,0.22046145796775818,,0.19692248180508615,0.2304894953966141,0.004975124378109453,0.017367706919945724,0.004975124378109453,0.12637893632054326,0.7932584249427087,raw,,,True,True,"control=emotion_label_permutation;members=angry,furious,anxious;family_max_stat_p=0.009950248756218905 | control=matched_random_centroid;members=angry,furious,anxious;family_max_stat_p=0.12935323383084577"
centroid,misaligned,47,high_arousal_negative,cosine,0.38463348150253296,,0.34443771690130237,0.4019041880965233,0.004975124378109453,0.017367706919945724,0.004975124378109453,0.2372434340417385,0.8492874930922745,raw,,,True,True,"control=emotion_label_permutation;members=angry,furious,anxious;family_max_stat_p=0.009950248756218905 | control=matched_random_centroid;members=angry,furious,anxious;family_max_stat_p=0.12935323383084577"
centroid,misaligned,0,low_arousal_negative,cosine,0.005306637845933437,,-0.03251992566511035,0.0347538206726313,0.4427860696517413,0.44510432132531064,0.0845771144278607,0.07838575243949886,0.4464820567926689,raw,,,True,True,"control=emotion_label_permutation;members=sad,gloomy,miserable;family_max_stat_p=0.009950248756218905 | control=matched_random_centroid;members=sad,gloomy,miserable;family_max_stat_p=0.12935323383084577"
centroid,misaligned,1,low_arousal_negative,cosine,0.04908507317304611,,-0.0014851131010800522,0.08056772612035279,0.1890547263681592,0.23880597014925373,0.0845771144278607,0.08241539336740968,0.4737757289615718,raw,,,True,True,"control=emotion_label_permutation;members=sad,gloomy,miserable;family_max_stat_p=0.009950248756218905 | control=matched_random_centroid;members=sad,gloomy,miserable;family_max_stat_p=0.12935323383084577"
centroid,misaligned,2,low_arousal_negative,cosine,0.09350034594535828,,0.04066055566072465,0.13073645606637002,0.07960199004975124,0.10687819643043524,0.0845771144278607,0.09923798665404315,0.5264759300014306,raw,,,True,True,"control=emotion_label_permutation;members=sad,gloomy,miserable;family_max_stat_p=0.009950248756218905 | control=matched_random_centroid;members=sad,gloomy,miserable;family_max_stat_p=0.12935323383084577"
centroid,misaligned,3,low_arousal_negative,cosine,0.12400862574577332,,0.06309794355183841,0.16782638877630235,0.03980099502487562,0.05789235639981909,0.0845771144278607,0.11432208344340322,0.5402253441122137,raw,,,True,True,"control=emotion_label_permutation;members=sad,gloomy,miserable;family_max_stat_p=0.009950248756218905 | control=matched_random_centroid;members=sad,gloomy,miserable;family_max_stat_p=0.12935323383084577"
centroid,misaligned,4,low_arousal_negative,cosine,0.11193253099918365,,0.05382506279274824,0.15298303440213204,0.0845771144278607,0.11199176531137417,0.0845771144278607,0.12282779328525066,0.5161191277166916,raw,,,True,True,"control=emotion_label_permutation;members=sad,gloomy,miserable;family_max_stat_p=0.009950248756218905 | control=matched_random_centroid;members=sad,gloomy,miserable;family_max_stat_p=0.12935323383084577"
centroid,misaligned,5,low_arousal_negative,cosine,0.10074719786643982,,0.047537486534565715,0.13984401598572732,0.1044776119402985,0.1355385235982251,0.0845771144278607,0.12334587201476094,0.5245957741744267,raw,,,True,True,"control=emotion_label_permutation;members=sad,gloomy,miserable;family_max_stat_p=0.009950248756218905 | control=matched_random_centroid;members=sad,gloomy,miserable;family_max_stat_p=0.12935323383084577"
centroid,misaligned,6,low_arousal_negative,cosine,0.0624617375433445,,0.01485047424212101,0.10055259335786104,0.20398009950248755,0.2526721232546943,0.0845771144278607,0.11528905741870393,0.5378607262002219,raw,,,True,True,"control=emotion_label_permutation;members=sad,gloomy,miserable;family_max_stat_p=0.009950248756218905 | control=matched_random_centroid;members=sad,gloomy,miserable;family_max_stat_p=0.12935323383084577"
centroid,misaligned,7,low_arousal_negative,cosine,0.05954970046877861,,0.01570385857485237,0.09162438232451678,0.208955223880597,0.2555375986310486,0.0845771144278607,0.11100604198873042,0.563980303084692,raw,,,True,True,"control=emotion_label_permutation;members=sad,gloomy,miserable;family_max_stat_p=0.009950248756218905 | control=matched_random_centroid;members=sad,gloomy,miserable;family_max_stat_p=0.12935323383084577"
centroid,misaligned,8,low_arousal_negative,cosine,0.0698438361287117,,0.028313694661483202,0.10783918481320143,0.17412935323383086,0.2214095087476525,0.0845771144278607,0.11909947097301472,0.5646012901698272,raw,,,True,True,"control=emotion_label_permutation;members=sad,gloomy,miserable;family_max_stat_p=0.009950248756218905 | control=matched_random_centroid;members=sad,gloomy,miserable;family_max_stat_p=0.12935323383084577"
centroid,misaligned,9,low_arousal_negative,cosine,0.014684105291962624,,-0.022540232539176884,0.04754818351939321,0.36318407960199006,0.37692617991125454,0.0845771144278607,0.10895979143679142,0.5581500612802355,raw,,,True,True,"control=emotion_label_permutation;members=sad,gloomy,miserable;family_max_stat_p=0.009950248756218905 | control=matched_random_centroid;members=sad,gloomy,miserable;family_max_stat_p=0.12935323383084577"
centroid,misaligned,10,low_arousal_negative,cosine,0.023637309670448303,,-0.020512482803314913,0.05694570327177644,0.34328358208955223,0.36414612022759135,0.0845771144278607,0.11584692075848571,0.5895027319864561,raw,,,True,True,"control=emotion_label_permutation;members=sad,gloomy,miserable;family_max_stat_p=0.009950248756218905 | control=matched_random_centroid;members=sad,gloomy,miserable;family_max_stat_p=0.12935323383084577"
centroid,misaligned,11,low_arousal_negative,cosine,0.04806637018918991,,-0.005200455011799918,0.08498993441462517,0.25870646766169153,0.3028758645795413,0.0845771144278607,0.13005853295326233,0.5877709899026965,raw,,,True,True,"control=emotion_label_permutation;members=sad,gloomy,miserable;family_max_stat_p=0.009950248756218905 | control=matched_random_centroid;members=sad,gloomy,miserable;family_max_stat_p=0.12935323383084577"
centroid,misaligned,12,low_arousal_negative,cosine,0.04821004718542099,,-0.007496947236359115,0.08425674326717854,0.263681592039801,0.30682948891904116,0.0845771144278607,0.13482870906591413,0.5843428050623071,raw,,,True,True,"control=emotion_label_permutation;members=sad,gloomy,miserable;family_max_stat_p=0.009950248756218905 | control=matched_random_centroid;members=sad,gloomy,miserable;family_max_stat_p=0.12935323383084577"
centroid,misaligned,13,low_arousal_negative,cosine,0.04442829638719559,,-0.005804071016609622,0.08074776865541936,0.26865671641791045,0.3088747877379569,0.0845771144278607,0.1370863817632198,0.5968125534694193,raw,,,True,True,"control=emotion_label_permutation;members=sad,gloomy,miserable;family_max_stat_p=0.009950248756218905 | control=matched_random_centroid;members=sad,gloomy,miserable;family_max_stat_p=0.12935323383084577"
centroid,misaligned,14,low_arousal_negative,cosine,0.02982310578227043,,-0.022581310803070638,0.0683054178953171,0.31343283582089554,0.3438805970149254,0.0845771144278607,0.1343986295163631,0.5892809503649358,raw,,,True,True,"control=emotion_label_permutation;members=sad,gloomy,miserable;family_max_stat_p=0.009950248756218905 | control=matched_random_centroid;members=sad,gloomy,miserable;family_max_stat_p=0.12935323383084577"
centroid,misaligned,15,low_arousal_negative,cosine,0.010916001163423061,,-0.032132624648511375,0.042676059342920784,0.3880597014925373,0.3984356293399314,0.0845771144278607,0.12826206013560293,0.6089322564239219,raw,,,True,True,"control=emotion_label_permutation;members=sad,gloomy,miserable;family_max_stat_p=0.009950248756218905 | control=matched_random_centroid;members=sad,gloomy,miserable;family_max_stat_p=0.12935323383084577"
centroid,misaligned,16,low_arousal_negative,cosine,0.025675296783447266,,-0.027369143767282354,0.06328651886433363,0.3283582089552239,0.35418413550226396,0.0845771144278607,0.1411995999515056,0.6357161716629662,raw,,,True,True,"control=emotion_label_permutation;members=sad,gloomy,miserable;family_max_stat_p=0.009950248756218905 | control=matched_random_centroid;members=sad,gloomy,miserable;family_max_stat_p=0.12935323383084577"
centroid,misaligned,17,low_arousal_negative,cosine,0.010244376957416534,,-0.040108175016939626,0.04981820154935122,0.39800995024875624,0.4064782470625596,0.0845771144278607,0.1424568235874176,0.6294095349178082,raw,,,True,True,"control=emotion_label_permutation;members=sad,gloomy,miserable;family_max_stat_p=0.009950248756218905 | control=matched_random_centroid;members=sad,gloomy,miserable;family_max_stat_p=0.12935323383084577"
centroid,misaligned,18,low_arousal_negative,cosine,0.018398936837911606,,-0.03266283990815281,0.05235927915200592,0.36318407960199006,0.37692617991125454,0.0845771144278607,0.1357934549450874,0.6399665479173428,raw,,,True,True,"control=emotion_label_permutation;members=sad,gloomy,miserable;family_max_stat_p=0.009950248756218905 | control=matched_random_centroid;members=sad,gloomy,miserable;family_max_stat_p=0.12935323383084577"
centroid,misaligned,19,low_arousal_negative,cosine,0.007523779757320881,,-0.0447151508182287,0.04322591070085764,0.42786069651741293,0.43465213614467346,0.0845771144278607,0.14740770012140267,0.6382549189018725,raw,,,True,True,"control=emotion_label_permutation;members=sad,gloomy,miserable;family_max_stat_p=0.009950248756218905 | control=matched_random_centroid;members=sad,gloomy,miserable;family_max_stat_p=0.12935323383084577"
centroid,misaligned,20,low_arousal_negative,cosine,-0.0004954799078404903,,-0.05686658639460802,0.04105407781898976,0.47761194029850745,0.47761194029850745,0.0845771144278607,0.15441088080406185,0.6295072781415361,raw,,,True,True,"control=emotion_label_permutation;members=sad,gloomy,miserable;family_max_stat_p=0.009950248756218905 | control=matched_random_centroid;members=sad,gloomy,miserable;family_max_stat_p=0.12935323383084577"
centroid,misaligned,21,low_arousal_negative,cosine,0.006654869765043259,,-0.045270548760890955,0.04775939555838705,0.43283582089552236,0.43739198743126473,0.0845771144278607,0.14900751784443853,0.6214890136746143,raw,,,True,True,"control=emotion_label_permutation;members=sad,gloomy,miserable;family_max_stat_p=0.009950248756218905 | control=matched_random_centroid;members=sad,gloomy,miserable;family_max_stat_p=0.12935323383084577"
centroid,misaligned,22,low_arousal_negative,cosine,0.03065863810479641,,-0.01796722807921468,0.06775591857731343,0.3582089552238806,0.37582578908735015,0.0845771144278607,0.15243471786379814,0.6265012974786627,raw,,,True,True,"control=emotion_label_permutation;members=sad,gloomy,miserable;family_max_stat_p=0.009950248756218905 | control=matched_random_centroid;members=sad,gloomy,miserable;family_max_stat_p=0.12935323383084577"
centroid,misaligned,23,low_arousal_negative,cosine,0.027133241295814514,,-0.026257154392078503,0.06803237553685905,0.373134328358209,0.3851709195955706,0.0845771144278607,0.14860677421092983,0.6293909098957263,raw,,,True,True,"control=emotion_label_permutation;members=sad,gloomy,miserable;family_max_stat_p=0.009950248756218905 | control=matched_random_centroid;members=sad,gloomy,miserable;family_max_stat_p=0.12935323383084577"
centroid,misaligned,24,low_arousal_negative,cosine,0.047416552901268005,,-0.002748452324885871,0.0816609462723136,0.29850746268656714,0.3312915192822017,0.0845771144278607,0.1526394195854663,0.6380302211604151,raw,,,True,True,"control=emotion_label_permutation;members=sad,gloomy,miserable;family_max_stat_p=0.009950248756218905 | control=matched_random_centroid;members=sad,gloomy,miserable;family_max_stat_p=0.12935323383084577"
centroid,misaligned,25,low_arousal_negative,cosine,0.04639136791229248,,-0.00021110452944411948,0.07939593885093928,0.31343283582089554,0.3438805970149254,0.0845771144278607,0.15604253932833664,0.6371411017345411,raw,,,True,True,"control=emotion_label_permutation;members=sad,gloomy,miserable;family_max_stat_p=0.009950248756218905 | control=matched_random_centroid;members=sad,gloomy,miserable;family_max_stat_p=0.12935323383084577"
centroid,misaligned,26,low_arousal_negative,cosine,0.05163178592920303,,0.0018500745529309165,0.08917542267590761,0.2885572139303483,0.32589991220368747,0.0845771144278607,0.1589650370180606,0.6339314193209586,raw,,,True,True,"control=emotion_label_permutation;members=sad,gloomy,miserable;family_max_stat_p=0.009950248756218905 | control=matched_random_centroid;members=sad,gloomy,miserable;family_max_stat_p=0.12935323383084577"
centroid,misaligned,27,low_arousal_negative,cosine,0.06181735172867775,,0.015478950901888345,0.09940477646887302,0.26865671641791045,0.3088747877379569,0.0845771144278607,0.1547906622290611,0.6355079250388007,raw,,,True,True,"control=emotion_label_permutation;members=sad,gloomy,miserable;family_max_stat_p=0.009950248756218905 | control=matched_random_centroid;members=sad,gloomy,miserable;family_max_stat_p=0.12935323383084577"
centroid,misaligned,28,low_arousal_negative,cosine,0.06531085073947906,,0.02037092188838872,0.10288564562797547,0.27860696517412936,0.31652388942859666,0.0845771144278607,0.15428139343857758,0.6395786795617354,raw,,,True,True,"control=emotion_label_permutation;members=sad,gloomy,miserable;family_max_stat_p=0.009950248756218905 | control=matched_random_centroid;members=sad,gloomy,miserable;family_max_stat_p=0.12935323383084577"
centroid,misaligned,29,low_arousal_negative,cosine,0.04535990208387375,,0.0012424316373653935,0.08173260353505613,0.3283582089552239,0.35418413550226396,0.0845771144278607,0.15181855931878083,0.6415138145582897,raw,,,True,True,"control=emotion_label_permutation;members=sad,gloomy,miserable;family_max_stat_p=0.009950248756218905 | control=matched_random_centroid;members=sad,gloomy,miserable;family_max_stat_p=0.12935323383084577"
centroid,misaligned,30,low_arousal_negative,cosine,0.047681666910648346,,2.9107066802686203e-05,0.08895368501544,0.29850746268656714,0.3312915192822017,0.0845771144278607,0.1588662266731262,0.6587673568276536,raw,,,True,True,"control=emotion_label_permutation;members=sad,gloomy,miserable;family_max_stat_p=0.009950248756218905 | control=matched_random_centroid;members=sad,gloomy,miserable;family_max_stat_p=0.12935323383084577"
centroid,misaligned,31,low_arousal_negative,cosine,0.03986579552292824,,-0.007393629185389727,0.08175136297941209,0.3582089552238806,0.37582578908735015,0.0845771144278607,0.17059248164296126,0.696378072417206,raw,,,True,True,"control=emotion_label_permutation;members=sad,gloomy,miserable;family_max_stat_p=0.009950248756218905 | control=matched_random_centroid;members=sad,gloomy,miserable;family_max_stat_p=0.12935323383084577"
centroid,misaligned,32,low_arousal_negative,cosine,0.04431124031543732,,0.0009522270760499011,0.08683775402605534,0.3333333333333333,0.3575418994413408,0.0845771144278607,0.16839706897735576,0.6907691244683071,raw,,,True,True,"control=emotion_label_permutation;members=sad,gloomy,miserable;family_max_stat_p=0.009950248756218905 | control=matched_random_centroid;members=sad,gloomy,miserable;family_max_stat_p=0.12935323383084577"
centroid,misaligned,33,low_arousal_negative,cosine,0.046718403697013855,,0.00599635190446862,0.07912741079926491,0.31840796019900497,0.3473541383989145,0.0845771144278607,0.16984590366482735,0.6966948839578008,raw,,,True,True,"control=emotion_label_permutation;members=sad,gloomy,miserable;family_max_stat_p=0.009950248756218905 | control=matched_random_centroid;members=sad,gloomy,miserable;family_max_stat_p=0.12935323383084577"
centroid,misaligned,34,low_arousal_negative,cosine,0.042202215641736984,,-0.0005262820050120332,0.07545245680958036,0.3383084577114428,0.36086235489220564,0.0845771144278607,0.17040077671408652,0.6946412330458906,raw,,,True,True,"control=emotion_label_permutation;members=sad,gloomy,miserable;family_max_stat_p=0.009950248756218905 | control=matched_random_centroid;members=sad,gloomy,miserable;family_max_stat_p=0.12935323383084577"
centroid,misaligned,35,low_arousal_negative,cosine,0.04748360812664032,,0.006366426125168807,0.0813507590442896,0.29850746268656714,0.3312915192822017,0.0845771144278607,0.166032288223505,0.6954832501416176,raw,,,True,True,"control=emotion_label_permutation;members=sad,gloomy,miserable;family_max_stat_p=0.009950248756218905 | control=matched_random_centroid;members=sad,gloomy,miserable;family_max_stat_p=0.12935323383084577"
centroid,misaligned,36,low_arousal_negative,cosine,0.052003197371959686,,0.014209147053770726,0.08310228083282709,0.27860696517412936,0.31652388942859666,0.0845771144278607,0.15285640880465504,0.6986203280934439,raw,,,True,True,"control=emotion_label_permutation;members=sad,gloomy,miserable;family_max_stat_p=0.009950248756218905 | control=matched_random_centroid;members=sad,gloomy,miserable;family_max_stat_p=0.12935323383084577"
centroid,misaligned,37,low_arousal_negative,cosine,0.06483560055494308,,0.026258287578821184,0.09415930509567261,0.24875621890547264,0.296653379067396,0.0845771144278607,0.15165863111615174,0.7023291536879638,raw,,,True,True,"control=emotion_label_permutation;members=sad,gloomy,miserable;family_max_stat_p=0.009950248756218905 | control=matched_random_centroid;members=sad,gloomy,miserable;family_max_stat_p=0.12935323383084577"
centroid,misaligned,38,low_arousal_negative,cosine,0.06897426396608353,,0.03249969151802362,0.09993474818766117,0.23880597014925373,0.28656716417910444,0.0845771144278607,0.15354747995734214,0.7083646810116341,raw,,,True,True,"control=emotion_label_permutation;members=sad,gloomy,miserable;family_max_stat_p=0.009950248756218905 | control=matched_random_centroid;members=sad,gloomy,miserable;family_max_stat_p=0.12935323383084577"
centroid,misaligned,39,low_arousal_negative,cosine,0.08270691335201263,,0.0488369356840849,0.10813909489661457,0.19900497512437812,0.24973173348941569,0.0845771144278607,0.1433261841535568,0.7083442122738042,raw,,,True,True,"control=emotion_label_permutation;members=sad,gloomy,miserable;family_max_stat_p=0.009950248756218905 | control=matched_random_centroid;members=sad,gloomy,miserable;family_max_stat_p=0.12935323383084577"
centroid,misaligned,40,low_arousal_negative,cosine,0.06315849721431732,,0.029543202091008438,0.09045556448400022,0.2537313432835821,0.300718629076838,0.0845771144278607,0.1498470090329646,0.7189077103497651,raw,,,True,True,"control=emotion_label_permutation;members=sad,gloomy,miserable;family_max_stat_p=0.009950248756218905 | control=matched_random_centroid;members=sad,gloomy,miserable;family_max_stat_p=0.12935323383084577"
centroid,misaligned,41,low_arousal_negative,cosine,0.06767214089632034,,0.03709204820916059,0.09200600348412992,0.22388059701492538,0.2720574343472511,0.0845771144278607,0.1360677234828472,0.7199054129231541,raw,,,True,True,"control=emotion_label_permutation;members=sad,gloomy,miserable;family_max_stat_p=0.009950248756218905 | control=matched_random_centroid;members=sad,gloomy,miserable;family_max_stat_p=0.12935323383084577"
centroid,misaligned,42,low_arousal_negative,cosine,0.0760212317109108,,0.04767134524881841,0.09943602178245785,0.208955223880597,0.2555375986310486,0.0845771144278607,0.1271743781864643,0.7263076023115259,raw,,,True,True,"control=emotion_label_permutation;members=sad,gloomy,miserable;family_max_stat_p=0.009950248756218905 | control=matched_random_centroid;members=sad,gloomy,miserable;family_max_stat_p=0.12935323383084577"
centroid,misaligned,43,low_arousal_negative,cosine,0.07060398906469345,,0.042395460885018124,0.09361074473708869,0.20398009950248755,0.2526721232546943,0.0845771144278607,0.13204429075121873,0.7248092377534019,raw,,,True,True,"control=emotion_label_permutation;members=sad,gloomy,miserable;family_max_stat_p=0.009950248756218905 | control=matched_random_centroid;members=sad,gloomy,miserable;family_max_stat_p=0.12935323383084577"
centroid,misaligned,44,low_arousal_negative,cosine,0.06023945286870003,,0.030956819560378792,0.08424675315618516,0.25870646766169153,0.3028758645795413,0.0845771144278607,0.13884090408682814,0.7297599199495625,raw,,,True,True,"control=emotion_label_permutation;members=sad,gloomy,miserable;family_max_stat_p=0.009950248756218905 | control=matched_random_centroid;members=sad,gloomy,miserable;family_max_stat_p=0.12935323383084577"
centroid,misaligned,45,low_arousal_negative,cosine,0.06230189651250839,,0.03242132924497128,0.08640776984393597,0.22885572139303484,0.2763540786632873,0.0845771144278607,0.13452332764863964,0.7247443968825784,raw,,,True,True,"control=emotion_label_permutation;members=sad,gloomy,miserable;family_max_stat_p=0.009950248756218905 | control=matched_random_centroid;members=sad,gloomy,miserable;family_max_stat_p=0.12935323383084577"
centroid,misaligned,46,low_arousal_negative,cosine,0.08173634856939316,,0.05256897294893861,0.10750058069825173,0.17412935323383086,0.2214095087476525,0.0845771144278607,0.1372537404298782,0.7408600408202649,raw,,,True,True,"control=emotion_label_permutation;members=sad,gloomy,miserable;family_max_stat_p=0.009950248756218905 | control=matched_random_centroid;members=sad,gloomy,miserable;family_max_stat_p=0.12935323383084577"
centroid,misaligned,47,low_arousal_negative,cosine,0.24900545179843903,,0.20021437071263792,0.282661858946085,0.0845771144278607,0.11199176531137417,0.0845771144278607,0.2641622528433799,0.772041083302255,raw,,,True,True,"control=emotion_label_permutation;members=sad,gloomy,miserable;family_max_stat_p=0.009950248756218905 | control=matched_random_centroid;members=sad,gloomy,miserable;family_max_stat_p=0.12935323383084577"
