comparison_type,model_source,layer,emotion_or_group,estimate_name,cosine,explained_fraction,ci_low,ci_high,p_value,q_value,max_stat_p_value,null_p95,reliability,pca_status,effective_rank,condition_number,gate_passed,confirmatory,notes,row_label
split_reliability,aligned,0,angry,reliability,,,,,,,,,0.5486980769492701,raw,,,True,True,topic split A (0-9) versus split B (10-19),aligned: angry
split_reliability,aligned,1,angry,reliability,,,,,,,,,0.561161796309772,raw,,,True,True,topic split A (0-9) versus split B (10-19),aligned: angry
split_reliability,aligned,2,angry,reliability,,,,,,,,,0.5642184623758314,raw,,,True,True,topic split A (0-9) versus split B (10-19),aligned: angry
split_reliability,aligned,3,angry,reliability,,,,,,,,,0.5832685374528657,raw,,,True,True,topic split A (0-9) versus split B (10-19),aligned: angry
split_reliability,aligned,4,angry,reliability,,,,,,,,,0.581012871073091,raw,,,True,True,topic split A (0-9) versus split B (10-19),aligned: angry
split_reliability,aligned,5,angry,reliability,,,,,,,,,0.5897132242661344,raw,,,True,True,topic split A (0-9) versus split B (10-19),aligned: angry
split_reliability,aligned,6,angry,reliability,,,,,,,,,0.632296321189199,raw,,,True,True,topic split A (0-9) versus split B (10-19),aligned: angry
split_reliability,aligned,7,angry,reliability,,,,,,,,,0.6684522221054102,raw,,,True,True,topic split A (0-9) versus split B (10-19),aligned: angry
split_reliability,aligned,8,angry,reliability,,,,,,,,,0.6843456196770867,raw,,,True,True,topic split A (0-9) versus split B (10-19),aligned: angry
split_reliability,aligned,9,angry,reliability,,,,,,,,,0.6914651529792224,raw,,,True,True,topic split A (0-9) versus split B (10-19),aligned: angry
split_reliability,aligned,10,angry,reliability,,,,,,,,,0.7444473681015135,raw,,,True,True,topic split A (0-9) versus split B (10-19),aligned: angry
split_reliability,aligned,11,angry,reliability,,,,,,,,,0.722025448444613,raw,,,True,True,topic split A (0-9) versus split B (10-19),aligned: angry
split_reliability,aligned,12,angry,reliability,,,,,,,,,0.7107070263475402,raw,,,True,True,topic split A (0-9) versus split B (10-19),aligned: angry
split_reliability,aligned,13,angry,reliability,,,,,,,,,0.7456856706850503,raw,,,True,True,topic split A (0-9) versus split B (10-19),aligned: angry
split_reliability,aligned,14,angry,reliability,,,,,,,,,0.7356736797077299,raw,,,True,True,topic split A (0-9) versus split B (10-19),aligned: angry
split_reliability,aligned,15,angry,reliability,,,,,,,,,0.7428684168281589,raw,,,True,True,topic split A (0-9) versus split B (10-19),aligned: angry
split_reliability,aligned,16,angry,reliability,,,,,,,,,0.7615536713373228,raw,,,True,True,topic split A (0-9) versus split B (10-19),aligned: angry
split_reliability,aligned,17,angry,reliability,,,,,,,,,0.7554004887847103,raw,,,True,True,topic split A (0-9) versus split B (10-19),aligned: angry
split_reliability,aligned,18,angry,reliability,,,,,,,,,0.7530479951223452,raw,,,True,True,topic split A (0-9) versus split B (10-19),aligned: angry
split_reliability,aligned,19,angry,reliability,,,,,,,,,0.7418699676307653,raw,,,True,True,topic split A (0-9) versus split B (10-19),aligned: angry
split_reliability,aligned,20,angry,reliability,,,,,,,,,0.7428307815738385,raw,,,True,True,topic split A (0-9) versus split B (10-19),aligned: angry
split_reliability,aligned,21,angry,reliability,,,,,,,,,0.7388068115246015,raw,,,True,True,topic split A (0-9) versus split B (10-19),aligned: angry
split_reliability,aligned,22,angry,reliability,,,,,,,,,0.7368521308995285,raw,,,True,True,topic split A (0-9) versus split B (10-19),aligned: angry
split_reliability,aligned,23,angry,reliability,,,,,,,,,0.7434613250482444,raw,,,True,True,topic split A (0-9) versus split B (10-19),aligned: angry
split_reliability,aligned,24,angry,reliability,,,,,,,,,0.7411839167806149,raw,,,True,True,topic split A (0-9) versus split B (10-19),aligned: angry
split_reliability,aligned,25,angry,reliability,,,,,,,,,0.7358026207882827,raw,,,True,True,topic split A (0-9) versus split B (10-19),aligned: angry
split_reliability,aligned,26,angry,reliability,,,,,,,,,0.7248017217526519,raw,,,True,True,topic split A (0-9) versus split B (10-19),aligned: angry
split_reliability,aligned,27,angry,reliability,,,,,,,,,0.7196312187097389,raw,,,True,True,topic split A (0-9) versus split B (10-19),aligned: angry
split_reliability,aligned,28,angry,reliability,,,,,,,,,0.7320492176120724,raw,,,True,True,topic split A (0-9) versus split B (10-19),aligned: angry
split_reliability,aligned,29,angry,reliability,,,,,,,,,0.7119175982481758,raw,,,True,True,topic split A (0-9) versus split B (10-19),aligned: angry
split_reliability,aligned,30,angry,reliability,,,,,,,,,0.740230003504997,raw,,,True,True,topic split A (0-9) versus split B (10-19),aligned: angry
split_reliability,aligned,31,angry,reliability,,,,,,,,,0.7782903978072766,raw,,,True,True,topic split A (0-9) versus split B (10-19),aligned: angry
split_reliability,aligned,32,angry,reliability,,,,,,,,,0.7768689315689085,raw,,,True,True,topic split A (0-9) versus split B (10-19),aligned: angry
split_reliability,aligned,33,angry,reliability,,,,,,,,,0.781156830623548,raw,,,True,True,topic split A (0-9) versus split B (10-19),aligned: angry
split_reliability,aligned,34,angry,reliability,,,,,,,,,0.7812325053921477,raw,,,True,True,topic split A (0-9) versus split B (10-19),aligned: angry
split_reliability,aligned,35,angry,reliability,,,,,,,,,0.7832652539053924,raw,,,True,True,topic split A (0-9) versus split B (10-19),aligned: angry
split_reliability,aligned,36,angry,reliability,,,,,,,,,0.7829144364470777,raw,,,True,True,topic split A (0-9) versus split B (10-19),aligned: angry
split_reliability,aligned,37,angry,reliability,,,,,,,,,0.788095020120472,raw,,,True,True,topic split A (0-9) versus split B (10-19),aligned: angry
split_reliability,aligned,38,angry,reliability,,,,,,,,,0.794711838676951,raw,,,True,True,topic split A (0-9) versus split B (10-19),aligned: angry
split_reliability,aligned,39,angry,reliability,,,,,,,,,0.793621384111208,raw,,,True,True,topic split A (0-9) versus split B (10-19),aligned: angry
split_reliability,aligned,40,angry,reliability,,,,,,,,,0.8083582922241731,raw,,,True,True,topic split A (0-9) versus split B (10-19),aligned: angry
split_reliability,aligned,41,angry,reliability,,,,,,,,,0.809133691066931,raw,,,True,True,topic split A (0-9) versus split B (10-19),aligned: angry
split_reliability,aligned,42,angry,reliability,,,,,,,,,0.8025333206096074,raw,,,True,True,topic split A (0-9) versus split B (10-19),aligned: angry
split_reliability,aligned,43,angry,reliability,,,,,,,,,0.8037720485502842,raw,,,True,True,topic split A (0-9) versus split B (10-19),aligned: angry
split_reliability,aligned,44,angry,reliability,,,,,,,,,0.8034271078435178,raw,,,True,True,topic split A (0-9) versus split B (10-19),aligned: angry
split_reliability,aligned,45,angry,reliability,,,,,,,,,0.7931456682191204,raw,,,True,True,topic split A (0-9) versus split B (10-19),aligned: angry
split_reliability,aligned,46,angry,reliability,,,,,,,,,0.792185214694668,raw,,,True,True,topic split A (0-9) versus split B (10-19),aligned: angry
split_reliability,aligned,47,angry,reliability,,,,,,,,,0.8268768917613094,raw,,,True,True,topic split A (0-9) versus split B (10-19),aligned: angry
split_reliability,aligned,0,anxious,reliability,,,,,,,,,0.40349592517216165,raw,,,True,True,topic split A (0-9) versus split B (10-19),aligned: anxious
split_reliability,aligned,1,anxious,reliability,,,,,,,,,0.3699842327725396,raw,,,True,True,topic split A (0-9) versus split B (10-19),aligned: anxious
split_reliability,aligned,2,anxious,reliability,,,,,,,,,0.3573569674737822,raw,,,True,True,topic split A (0-9) versus split B (10-19),aligned: anxious
split_reliability,aligned,3,anxious,reliability,,,,,,,,,0.37164205891639585,raw,,,True,True,topic split A (0-9) versus split B (10-19),aligned: anxious
split_reliability,aligned,4,anxious,reliability,,,,,,,,,0.377005265579405,raw,,,True,True,topic split A (0-9) versus split B (10-19),aligned: anxious
split_reliability,aligned,5,anxious,reliability,,,,,,,,,0.38534093192010965,raw,,,True,True,topic split A (0-9) versus split B (10-19),aligned: anxious
split_reliability,aligned,6,anxious,reliability,,,,,,,,,0.41278044961073307,raw,,,True,True,topic split A (0-9) versus split B (10-19),aligned: anxious
split_reliability,aligned,7,anxious,reliability,,,,,,,,,0.41067362118070583,raw,,,True,True,topic split A (0-9) versus split B (10-19),aligned: anxious
split_reliability,aligned,8,anxious,reliability,,,,,,,,,0.41544282514875747,raw,,,True,True,topic split A (0-9) versus split B (10-19),aligned: anxious
split_reliability,aligned,9,anxious,reliability,,,,,,,,,0.4917179445909339,raw,,,True,True,topic split A (0-9) versus split B (10-19),aligned: anxious
split_reliability,aligned,10,anxious,reliability,,,,,,,,,0.5091986386570151,raw,,,True,True,topic split A (0-9) versus split B (10-19),aligned: anxious
split_reliability,aligned,11,anxious,reliability,,,,,,,,,0.5096681486262833,raw,,,True,True,topic split A (0-9) versus split B (10-19),aligned: anxious
split_reliability,aligned,12,anxious,reliability,,,,,,,,,0.5022288541686969,raw,,,True,True,topic split A (0-9) versus split B (10-19),aligned: anxious
split_reliability,aligned,13,anxious,reliability,,,,,,,,,0.5323218170580493,raw,,,True,True,topic split A (0-9) versus split B (10-19),aligned: anxious
split_reliability,aligned,14,anxious,reliability,,,,,,,,,0.5513734171822818,raw,,,True,True,topic split A (0-9) versus split B (10-19),aligned: anxious
split_reliability,aligned,15,anxious,reliability,,,,,,,,,0.5961024836315074,raw,,,True,True,topic split A (0-9) versus split B (10-19),aligned: anxious
split_reliability,aligned,16,anxious,reliability,,,,,,,,,0.6086000769660066,raw,,,True,True,topic split A (0-9) versus split B (10-19),aligned: anxious
split_reliability,aligned,17,anxious,reliability,,,,,,,,,0.6264691588379014,raw,,,True,True,topic split A (0-9) versus split B (10-19),aligned: anxious
split_reliability,aligned,18,anxious,reliability,,,,,,,,,0.6278531673380875,raw,,,True,True,topic split A (0-9) versus split B (10-19),aligned: anxious
split_reliability,aligned,19,anxious,reliability,,,,,,,,,0.6132613718926829,raw,,,True,True,topic split A (0-9) versus split B (10-19),aligned: anxious
split_reliability,aligned,20,anxious,reliability,,,,,,,,,0.6202251553518955,raw,,,True,True,topic split A (0-9) versus split B (10-19),aligned: anxious
split_reliability,aligned,21,anxious,reliability,,,,,,,,,0.5969696962826867,raw,,,True,True,topic split A (0-9) versus split B (10-19),aligned: anxious
split_reliability,aligned,22,anxious,reliability,,,,,,,,,0.5699773461565439,raw,,,True,True,topic split A (0-9) versus split B (10-19),aligned: anxious
split_reliability,aligned,23,anxious,reliability,,,,,,,,,0.5397781018961397,raw,,,True,True,topic split A (0-9) versus split B (10-19),aligned: anxious
split_reliability,aligned,24,anxious,reliability,,,,,,,,,0.5227311396081371,raw,,,True,True,topic split A (0-9) versus split B (10-19),aligned: anxious
split_reliability,aligned,25,anxious,reliability,,,,,,,,,0.5272868872928654,raw,,,True,True,topic split A (0-9) versus split B (10-19),aligned: anxious
split_reliability,aligned,26,anxious,reliability,,,,,,,,,0.5272980988766609,raw,,,True,True,topic split A (0-9) versus split B (10-19),aligned: anxious
split_reliability,aligned,27,anxious,reliability,,,,,,,,,0.5213738765458783,raw,,,True,True,topic split A (0-9) versus split B (10-19),aligned: anxious
split_reliability,aligned,28,anxious,reliability,,,,,,,,,0.5011608117090445,raw,,,True,True,topic split A (0-9) versus split B (10-19),aligned: anxious
split_reliability,aligned,29,anxious,reliability,,,,,,,,,0.5224450178363685,raw,,,True,True,topic split A (0-9) versus split B (10-19),aligned: anxious
split_reliability,aligned,30,anxious,reliability,,,,,,,,,0.5578778305109192,raw,,,True,True,topic split A (0-9) versus split B (10-19),aligned: anxious
split_reliability,aligned,31,anxious,reliability,,,,,,,,,0.6049404740795118,raw,,,True,True,topic split A (0-9) versus split B (10-19),aligned: anxious
split_reliability,aligned,32,anxious,reliability,,,,,,,,,0.609683588188462,raw,,,True,True,topic split A (0-9) versus split B (10-19),aligned: anxious
split_reliability,aligned,33,anxious,reliability,,,,,,,,,0.6253919838584657,raw,,,True,True,topic split A (0-9) versus split B (10-19),aligned: anxious
split_reliability,aligned,34,anxious,reliability,,,,,,,,,0.6328694324810661,raw,,,True,True,topic split A (0-9) versus split B (10-19),aligned: anxious
split_reliability,aligned,35,anxious,reliability,,,,,,,,,0.6397532320223623,raw,,,True,True,topic split A (0-9) versus split B (10-19),aligned: anxious
split_reliability,aligned,36,anxious,reliability,,,,,,,,,0.6489115234711227,raw,,,True,True,topic split A (0-9) versus split B (10-19),aligned: anxious
split_reliability,aligned,37,anxious,reliability,,,,,,,,,0.6445401253534123,raw,,,True,True,topic split A (0-9) versus split B (10-19),aligned: anxious
split_reliability,aligned,38,anxious,reliability,,,,,,,,,0.6296279071811044,raw,,,True,True,topic split A (0-9) versus split B (10-19),aligned: anxious
split_reliability,aligned,39,anxious,reliability,,,,,,,,,0.6394091600976403,raw,,,True,True,topic split A (0-9) versus split B (10-19),aligned: anxious
split_reliability,aligned,40,anxious,reliability,,,,,,,,,0.6513689856990976,raw,,,True,True,topic split A (0-9) versus split B (10-19),aligned: anxious
split_reliability,aligned,41,anxious,reliability,,,,,,,,,0.65096265001056,raw,,,True,True,topic split A (0-9) versus split B (10-19),aligned: anxious
split_reliability,aligned,42,anxious,reliability,,,,,,,,,0.644034359137435,raw,,,True,True,topic split A (0-9) versus split B (10-19),aligned: anxious
split_reliability,aligned,43,anxious,reliability,,,,,,,,,0.6519159338567612,raw,,,True,True,topic split A (0-9) versus split B (10-19),aligned: anxious
split_reliability,aligned,44,anxious,reliability,,,,,,,,,0.6469556816806679,raw,,,True,True,topic split A (0-9) versus split B (10-19),aligned: anxious
split_reliability,aligned,45,anxious,reliability,,,,,,,,,0.642703515909296,raw,,,True,True,topic split A (0-9) versus split B (10-19),aligned: anxious
split_reliability,aligned,46,anxious,reliability,,,,,,,,,0.6640202070741478,raw,,,True,True,topic split A (0-9) versus split B (10-19),aligned: anxious
split_reliability,aligned,47,anxious,reliability,,,,,,,,,0.7326225127375532,raw,,,True,True,topic split A (0-9) versus split B (10-19),aligned: anxious
split_reliability,aligned,0,calm,reliability,,,,,,,,,0.557380068968814,raw,,,True,True,topic split A (0-9) versus split B (10-19),aligned: calm
split_reliability,aligned,1,calm,reliability,,,,,,,,,0.5338189866384447,raw,,,True,True,topic split A (0-9) versus split B (10-19),aligned: calm
split_reliability,aligned,2,calm,reliability,,,,,,,,,0.5268437809872881,raw,,,True,True,topic split A (0-9) versus split B (10-19),aligned: calm
split_reliability,aligned,3,calm,reliability,,,,,,,,,0.5425536640028972,raw,,,True,True,topic split A (0-9) versus split B (10-19),aligned: calm
split_reliability,aligned,4,calm,reliability,,,,,,,,,0.5681504298626342,raw,,,True,True,topic split A (0-9) versus split B (10-19),aligned: calm
split_reliability,aligned,5,calm,reliability,,,,,,,,,0.5795309868682467,raw,,,True,True,topic split A (0-9) versus split B (10-19),aligned: calm
split_reliability,aligned,6,calm,reliability,,,,,,,,,0.5862055890034574,raw,,,True,True,topic split A (0-9) versus split B (10-19),aligned: calm
split_reliability,aligned,7,calm,reliability,,,,,,,,,0.5962680678749716,raw,,,True,True,topic split A (0-9) versus split B (10-19),aligned: calm
split_reliability,aligned,8,calm,reliability,,,,,,,,,0.6037554982470764,raw,,,True,True,topic split A (0-9) versus split B (10-19),aligned: calm
split_reliability,aligned,9,calm,reliability,,,,,,,,,0.6589391735446335,raw,,,True,True,topic split A (0-9) versus split B (10-19),aligned: calm
split_reliability,aligned,10,calm,reliability,,,,,,,,,0.6933080931049552,raw,,,True,True,topic split A (0-9) versus split B (10-19),aligned: calm
split_reliability,aligned,11,calm,reliability,,,,,,,,,0.6971940364009489,raw,,,True,True,topic split A (0-9) versus split B (10-19),aligned: calm
split_reliability,aligned,12,calm,reliability,,,,,,,,,0.6875077579684592,raw,,,True,True,topic split A (0-9) versus split B (10-19),aligned: calm
split_reliability,aligned,13,calm,reliability,,,,,,,,,0.7023752526368389,raw,,,True,True,topic split A (0-9) versus split B (10-19),aligned: calm
split_reliability,aligned,14,calm,reliability,,,,,,,,,0.6999239366668698,raw,,,True,True,topic split A (0-9) versus split B (10-19),aligned: calm
split_reliability,aligned,15,calm,reliability,,,,,,,,,0.701006431926669,raw,,,True,True,topic split A (0-9) versus split B (10-19),aligned: calm
split_reliability,aligned,16,calm,reliability,,,,,,,,,0.7203823236505733,raw,,,True,True,topic split A (0-9) versus split B (10-19),aligned: calm
split_reliability,aligned,17,calm,reliability,,,,,,,,,0.7302100178832304,raw,,,True,True,topic split A (0-9) versus split B (10-19),aligned: calm
split_reliability,aligned,18,calm,reliability,,,,,,,,,0.7332800375359398,raw,,,True,True,topic split A (0-9) versus split B (10-19),aligned: calm
split_reliability,aligned,19,calm,reliability,,,,,,,,,0.7410886659246302,raw,,,True,True,topic split A (0-9) versus split B (10-19),aligned: calm
split_reliability,aligned,20,calm,reliability,,,,,,,,,0.7456200125364731,raw,,,True,True,topic split A (0-9) versus split B (10-19),aligned: calm
split_reliability,aligned,21,calm,reliability,,,,,,,,,0.7480119273270274,raw,,,True,True,topic split A (0-9) versus split B (10-19),aligned: calm
split_reliability,aligned,22,calm,reliability,,,,,,,,,0.7567231148306974,raw,,,True,True,topic split A (0-9) versus split B (10-19),aligned: calm
split_reliability,aligned,23,calm,reliability,,,,,,,,,0.7477498502354697,raw,,,True,True,topic split A (0-9) versus split B (10-19),aligned: calm
split_reliability,aligned,24,calm,reliability,,,,,,,,,0.7451857374452395,raw,,,True,True,topic split A (0-9) versus split B (10-19),aligned: calm
split_reliability,aligned,25,calm,reliability,,,,,,,,,0.7412520358829112,raw,,,True,True,topic split A (0-9) versus split B (10-19),aligned: calm
split_reliability,aligned,26,calm,reliability,,,,,,,,,0.7425267905713956,raw,,,True,True,topic split A (0-9) versus split B (10-19),aligned: calm
split_reliability,aligned,27,calm,reliability,,,,,,,,,0.7448695074958556,raw,,,True,True,topic split A (0-9) versus split B (10-19),aligned: calm
split_reliability,aligned,28,calm,reliability,,,,,,,,,0.7543188507297139,raw,,,True,True,topic split A (0-9) versus split B (10-19),aligned: calm
split_reliability,aligned,29,calm,reliability,,,,,,,,,0.754055916622483,raw,,,True,True,topic split A (0-9) versus split B (10-19),aligned: calm
split_reliability,aligned,30,calm,reliability,,,,,,,,,0.7604743887906175,raw,,,True,True,topic split A (0-9) versus split B (10-19),aligned: calm
split_reliability,aligned,31,calm,reliability,,,,,,,,,0.7724816999358554,raw,,,True,True,topic split A (0-9) versus split B (10-19),aligned: calm
split_reliability,aligned,32,calm,reliability,,,,,,,,,0.7674068777958369,raw,,,True,True,topic split A (0-9) versus split B (10-19),aligned: calm
split_reliability,aligned,33,calm,reliability,,,,,,,,,0.7537708807507879,raw,,,True,True,topic split A (0-9) versus split B (10-19),aligned: calm
split_reliability,aligned,34,calm,reliability,,,,,,,,,0.750815322773357,raw,,,True,True,topic split A (0-9) versus split B (10-19),aligned: calm
split_reliability,aligned,35,calm,reliability,,,,,,,,,0.7445777099735952,raw,,,True,True,topic split A (0-9) versus split B (10-19),aligned: calm
split_reliability,aligned,36,calm,reliability,,,,,,,,,0.7486650932494152,raw,,,True,True,topic split A (0-9) versus split B (10-19),aligned: calm
split_reliability,aligned,37,calm,reliability,,,,,,,,,0.754938910746332,raw,,,True,True,topic split A (0-9) versus split B (10-19),aligned: calm
split_reliability,aligned,38,calm,reliability,,,,,,,,,0.7589418189931443,raw,,,True,True,topic split A (0-9) versus split B (10-19),aligned: calm
split_reliability,aligned,39,calm,reliability,,,,,,,,,0.7539836983061909,raw,,,True,True,topic split A (0-9) versus split B (10-19),aligned: calm
split_reliability,aligned,40,calm,reliability,,,,,,,,,0.7567623352705913,raw,,,True,True,topic split A (0-9) versus split B (10-19),aligned: calm
split_reliability,aligned,41,calm,reliability,,,,,,,,,0.7542189005667265,raw,,,True,True,topic split A (0-9) versus split B (10-19),aligned: calm
split_reliability,aligned,42,calm,reliability,,,,,,,,,0.7554973449003375,raw,,,True,True,topic split A (0-9) versus split B (10-19),aligned: calm
split_reliability,aligned,43,calm,reliability,,,,,,,,,0.7562421980186046,raw,,,True,True,topic split A (0-9) versus split B (10-19),aligned: calm
split_reliability,aligned,44,calm,reliability,,,,,,,,,0.7557091913601315,raw,,,True,True,topic split A (0-9) versus split B (10-19),aligned: calm
split_reliability,aligned,45,calm,reliability,,,,,,,,,0.7438323434478685,raw,,,True,True,topic split A (0-9) versus split B (10-19),aligned: calm
split_reliability,aligned,46,calm,reliability,,,,,,,,,0.7462397967503216,raw,,,True,True,topic split A (0-9) versus split B (10-19),aligned: calm
split_reliability,aligned,47,calm,reliability,,,,,,,,,0.7849944817259387,raw,,,True,True,topic split A (0-9) versus split B (10-19),aligned: calm
split_reliability,aligned,0,content,reliability,,,,,,,,,0.4499453077045824,raw,,,True,True,topic split A (0-9) versus split B (10-19),aligned: content
split_reliability,aligned,1,content,reliability,,,,,,,,,0.40287037313322277,raw,,,True,True,topic split A (0-9) versus split B (10-19),aligned: content
split_reliability,aligned,2,content,reliability,,,,,,,,,0.3782618301307511,raw,,,True,True,topic split A (0-9) versus split B (10-19),aligned: content
split_reliability,aligned,3,content,reliability,,,,,,,,,0.4030145075859863,raw,,,True,True,topic split A (0-9) versus split B (10-19),aligned: content
split_reliability,aligned,4,content,reliability,,,,,,,,,0.45684250913229096,raw,,,True,True,topic split A (0-9) versus split B (10-19),aligned: content
split_reliability,aligned,5,content,reliability,,,,,,,,,0.4846395334949314,raw,,,True,True,topic split A (0-9) versus split B (10-19),aligned: content
split_reliability,aligned,6,content,reliability,,,,,,,,,0.5488090299078929,raw,,,True,True,topic split A (0-9) versus split B (10-19),aligned: content
split_reliability,aligned,7,content,reliability,,,,,,,,,0.5906542190314321,raw,,,True,True,topic split A (0-9) versus split B (10-19),aligned: content
split_reliability,aligned,8,content,reliability,,,,,,,,,0.6247491506528092,raw,,,True,True,topic split A (0-9) versus split B (10-19),aligned: content
split_reliability,aligned,9,content,reliability,,,,,,,,,0.6337618760573911,raw,,,True,True,topic split A (0-9) versus split B (10-19),aligned: content
split_reliability,aligned,10,content,reliability,,,,,,,,,0.68074869762462,raw,,,True,True,topic split A (0-9) versus split B (10-19),aligned: content
split_reliability,aligned,11,content,reliability,,,,,,,,,0.6731112577337173,raw,,,True,True,topic split A (0-9) versus split B (10-19),aligned: content
split_reliability,aligned,12,content,reliability,,,,,,,,,0.6805272676534418,raw,,,True,True,topic split A (0-9) versus split B (10-19),aligned: content
split_reliability,aligned,13,content,reliability,,,,,,,,,0.6990433929641453,raw,,,True,True,topic split A (0-9) versus split B (10-19),aligned: content
split_reliability,aligned,14,content,reliability,,,,,,,,,0.704057615026362,raw,,,True,True,topic split A (0-9) versus split B (10-19),aligned: content
split_reliability,aligned,15,content,reliability,,,,,,,,,0.6904955063562827,raw,,,True,True,topic split A (0-9) versus split B (10-19),aligned: content
split_reliability,aligned,16,content,reliability,,,,,,,,,0.6997002220515408,raw,,,True,True,topic split A (0-9) versus split B (10-19),aligned: content
split_reliability,aligned,17,content,reliability,,,,,,,,,0.6983285489595259,raw,,,True,True,topic split A (0-9) versus split B (10-19),aligned: content
split_reliability,aligned,18,content,reliability,,,,,,,,,0.6959750266251056,raw,,,True,True,topic split A (0-9) versus split B (10-19),aligned: content
split_reliability,aligned,19,content,reliability,,,,,,,,,0.6903911237030179,raw,,,True,True,topic split A (0-9) versus split B (10-19),aligned: content
split_reliability,aligned,20,content,reliability,,,,,,,,,0.6920784799031267,raw,,,True,True,topic split A (0-9) versus split B (10-19),aligned: content
split_reliability,aligned,21,content,reliability,,,,,,,,,0.6650607533332185,raw,,,True,True,topic split A (0-9) versus split B (10-19),aligned: content
split_reliability,aligned,22,content,reliability,,,,,,,,,0.663333350684346,raw,,,True,True,topic split A (0-9) versus split B (10-19),aligned: content
split_reliability,aligned,23,content,reliability,,,,,,,,,0.6500585013312357,raw,,,True,True,topic split A (0-9) versus split B (10-19),aligned: content
split_reliability,aligned,24,content,reliability,,,,,,,,,0.638313956514774,raw,,,True,True,topic split A (0-9) versus split B (10-19),aligned: content
split_reliability,aligned,25,content,reliability,,,,,,,,,0.643049452684811,raw,,,True,True,topic split A (0-9) versus split B (10-19),aligned: content
split_reliability,aligned,26,content,reliability,,,,,,,,,0.61583237473694,raw,,,True,True,topic split A (0-9) versus split B (10-19),aligned: content
split_reliability,aligned,27,content,reliability,,,,,,,,,0.614757447682243,raw,,,True,True,topic split A (0-9) versus split B (10-19),aligned: content
split_reliability,aligned,28,content,reliability,,,,,,,,,0.633011180561282,raw,,,True,True,topic split A (0-9) versus split B (10-19),aligned: content
split_reliability,aligned,29,content,reliability,,,,,,,,,0.6524612811643293,raw,,,True,True,topic split A (0-9) versus split B (10-19),aligned: content
split_reliability,aligned,30,content,reliability,,,,,,,,,0.6894439582187913,raw,,,True,True,topic split A (0-9) versus split B (10-19),aligned: content
split_reliability,aligned,31,content,reliability,,,,,,,,,0.7025914440082645,raw,,,True,True,topic split A (0-9) versus split B (10-19),aligned: content
split_reliability,aligned,32,content,reliability,,,,,,,,,0.6948474120782158,raw,,,True,True,topic split A (0-9) versus split B (10-19),aligned: content
split_reliability,aligned,33,content,reliability,,,,,,,,,0.6907665521905617,raw,,,True,True,topic split A (0-9) versus split B (10-19),aligned: content
split_reliability,aligned,34,content,reliability,,,,,,,,,0.6931818505271755,raw,,,True,True,topic split A (0-9) versus split B (10-19),aligned: content
split_reliability,aligned,35,content,reliability,,,,,,,,,0.6944591120772178,raw,,,True,True,topic split A (0-9) versus split B (10-19),aligned: content
split_reliability,aligned,36,content,reliability,,,,,,,,,0.7128844613893253,raw,,,True,True,topic split A (0-9) versus split B (10-19),aligned: content
split_reliability,aligned,37,content,reliability,,,,,,,,,0.7302383994457008,raw,,,True,True,topic split A (0-9) versus split B (10-19),aligned: content
split_reliability,aligned,38,content,reliability,,,,,,,,,0.7343855179430461,raw,,,True,True,topic split A (0-9) versus split B (10-19),aligned: content
split_reliability,aligned,39,content,reliability,,,,,,,,,0.7364641403382578,raw,,,True,True,topic split A (0-9) versus split B (10-19),aligned: content
split_reliability,aligned,40,content,reliability,,,,,,,,,0.7504672853321652,raw,,,True,True,topic split A (0-9) versus split B (10-19),aligned: content
split_reliability,aligned,41,content,reliability,,,,,,,,,0.7538146215092251,raw,,,True,True,topic split A (0-9) versus split B (10-19),aligned: content
split_reliability,aligned,42,content,reliability,,,,,,,,,0.7569525172096303,raw,,,True,True,topic split A (0-9) versus split B (10-19),aligned: content
split_reliability,aligned,43,content,reliability,,,,,,,,,0.7534126556608869,raw,,,True,True,topic split A (0-9) versus split B (10-19),aligned: content
split_reliability,aligned,44,content,reliability,,,,,,,,,0.7493836774478901,raw,,,True,True,topic split A (0-9) versus split B (10-19),aligned: content
split_reliability,aligned,45,content,reliability,,,,,,,,,0.7347609899195852,raw,,,True,True,topic split A (0-9) versus split B (10-19),aligned: content
split_reliability,aligned,46,content,reliability,,,,,,,,,0.6987775739683628,raw,,,True,True,topic split A (0-9) versus split B (10-19),aligned: content
split_reliability,aligned,47,content,reliability,,,,,,,,,0.7190479819852181,raw,,,True,True,topic split A (0-9) versus split B (10-19),aligned: content
split_reliability,aligned,0,enthusiastic,reliability,,,,,,,,,0.31051672514777445,raw,,,True,True,topic split A (0-9) versus split B (10-19),aligned: enthusiastic
split_reliability,aligned,1,enthusiastic,reliability,,,,,,,,,0.25138630926633704,raw,,,True,True,topic split A (0-9) versus split B (10-19),aligned: enthusiastic
split_reliability,aligned,2,enthusiastic,reliability,,,,,,,,,0.2522484833114629,raw,,,True,True,topic split A (0-9) versus split B (10-19),aligned: enthusiastic
split_reliability,aligned,3,enthusiastic,reliability,,,,,,,,,0.2550688851800335,raw,,,True,True,topic split A (0-9) versus split B (10-19),aligned: enthusiastic
split_reliability,aligned,4,enthusiastic,reliability,,,,,,,,,0.2785144014376153,raw,,,True,True,topic split A (0-9) versus split B (10-19),aligned: enthusiastic
split_reliability,aligned,5,enthusiastic,reliability,,,,,,,,,0.28793349172074306,raw,,,True,True,topic split A (0-9) versus split B (10-19),aligned: enthusiastic
split_reliability,aligned,6,enthusiastic,reliability,,,,,,,,,0.36207618541919534,raw,,,True,True,topic split A (0-9) versus split B (10-19),aligned: enthusiastic
split_reliability,aligned,7,enthusiastic,reliability,,,,,,,,,0.42069645015312596,raw,,,True,True,topic split A (0-9) versus split B (10-19),aligned: enthusiastic
split_reliability,aligned,8,enthusiastic,reliability,,,,,,,,,0.44346685625180915,raw,,,True,True,topic split A (0-9) versus split B (10-19),aligned: enthusiastic
split_reliability,aligned,9,enthusiastic,reliability,,,,,,,,,0.5009319144150159,raw,,,True,True,topic split A (0-9) versus split B (10-19),aligned: enthusiastic
split_reliability,aligned,10,enthusiastic,reliability,,,,,,,,,0.5737809823142849,raw,,,True,True,topic split A (0-9) versus split B (10-19),aligned: enthusiastic
split_reliability,aligned,11,enthusiastic,reliability,,,,,,,,,0.5451565298146623,raw,,,True,True,topic split A (0-9) versus split B (10-19),aligned: enthusiastic
split_reliability,aligned,12,enthusiastic,reliability,,,,,,,,,0.5469450866993536,raw,,,True,True,topic split A (0-9) versus split B (10-19),aligned: enthusiastic
split_reliability,aligned,13,enthusiastic,reliability,,,,,,,,,0.5747700153413583,raw,,,True,True,topic split A (0-9) versus split B (10-19),aligned: enthusiastic
split_reliability,aligned,14,enthusiastic,reliability,,,,,,,,,0.5709256987458593,raw,,,True,True,topic split A (0-9) versus split B (10-19),aligned: enthusiastic
split_reliability,aligned,15,enthusiastic,reliability,,,,,,,,,0.6089886203176227,raw,,,True,True,topic split A (0-9) versus split B (10-19),aligned: enthusiastic
split_reliability,aligned,16,enthusiastic,reliability,,,,,,,,,0.6367548114086224,raw,,,True,True,topic split A (0-9) versus split B (10-19),aligned: enthusiastic
split_reliability,aligned,17,enthusiastic,reliability,,,,,,,,,0.6415400544656574,raw,,,True,True,topic split A (0-9) versus split B (10-19),aligned: enthusiastic
split_reliability,aligned,18,enthusiastic,reliability,,,,,,,,,0.6482193503268465,raw,,,True,True,topic split A (0-9) versus split B (10-19),aligned: enthusiastic
split_reliability,aligned,19,enthusiastic,reliability,,,,,,,,,0.6504704546194324,raw,,,True,True,topic split A (0-9) versus split B (10-19),aligned: enthusiastic
split_reliability,aligned,20,enthusiastic,reliability,,,,,,,,,0.6625709677147015,raw,,,True,True,topic split A (0-9) versus split B (10-19),aligned: enthusiastic
split_reliability,aligned,21,enthusiastic,reliability,,,,,,,,,0.6688865490188188,raw,,,True,True,topic split A (0-9) versus split B (10-19),aligned: enthusiastic
split_reliability,aligned,22,enthusiastic,reliability,,,,,,,,,0.6733883853333583,raw,,,True,True,topic split A (0-9) versus split B (10-19),aligned: enthusiastic
split_reliability,aligned,23,enthusiastic,reliability,,,,,,,,,0.6808841939631917,raw,,,True,True,topic split A (0-9) versus split B (10-19),aligned: enthusiastic
split_reliability,aligned,24,enthusiastic,reliability,,,,,,,,,0.6743051256444572,raw,,,True,True,topic split A (0-9) versus split B (10-19),aligned: enthusiastic
split_reliability,aligned,25,enthusiastic,reliability,,,,,,,,,0.6663087962300467,raw,,,True,True,topic split A (0-9) versus split B (10-19),aligned: enthusiastic
split_reliability,aligned,26,enthusiastic,reliability,,,,,,,,,0.6581126689297463,raw,,,True,True,topic split A (0-9) versus split B (10-19),aligned: enthusiastic
split_reliability,aligned,27,enthusiastic,reliability,,,,,,,,,0.659889739907966,raw,,,True,True,topic split A (0-9) versus split B (10-19),aligned: enthusiastic
split_reliability,aligned,28,enthusiastic,reliability,,,,,,,,,0.6339135011538017,raw,,,True,True,topic split A (0-9) versus split B (10-19),aligned: enthusiastic
split_reliability,aligned,29,enthusiastic,reliability,,,,,,,,,0.6225421021626011,raw,,,True,True,topic split A (0-9) versus split B (10-19),aligned: enthusiastic
split_reliability,aligned,30,enthusiastic,reliability,,,,,,,,,0.6387990207371573,raw,,,True,True,topic split A (0-9) versus split B (10-19),aligned: enthusiastic
split_reliability,aligned,31,enthusiastic,reliability,,,,,,,,,0.6700724995518874,raw,,,True,True,topic split A (0-9) versus split B (10-19),aligned: enthusiastic
split_reliability,aligned,32,enthusiastic,reliability,,,,,,,,,0.6602752820758654,raw,,,True,True,topic split A (0-9) versus split B (10-19),aligned: enthusiastic
split_reliability,aligned,33,enthusiastic,reliability,,,,,,,,,0.6572210108373763,raw,,,True,True,topic split A (0-9) versus split B (10-19),aligned: enthusiastic
split_reliability,aligned,34,enthusiastic,reliability,,,,,,,,,0.6586483765009019,raw,,,True,True,topic split A (0-9) versus split B (10-19),aligned: enthusiastic
split_reliability,aligned,35,enthusiastic,reliability,,,,,,,,,0.6513758384753745,raw,,,True,True,topic split A (0-9) versus split B (10-19),aligned: enthusiastic
split_reliability,aligned,36,enthusiastic,reliability,,,,,,,,,0.620595259994177,raw,,,True,True,topic split A (0-9) versus split B (10-19),aligned: enthusiastic
split_reliability,aligned,37,enthusiastic,reliability,,,,,,,,,0.6169310647986678,raw,,,True,True,topic split A (0-9) versus split B (10-19),aligned: enthusiastic
split_reliability,aligned,38,enthusiastic,reliability,,,,,,,,,0.6258435181859934,raw,,,True,True,topic split A (0-9) versus split B (10-19),aligned: enthusiastic
split_reliability,aligned,39,enthusiastic,reliability,,,,,,,,,0.622651137626361,raw,,,True,True,topic split A (0-9) versus split B (10-19),aligned: enthusiastic
split_reliability,aligned,40,enthusiastic,reliability,,,,,,,,,0.6417798527610099,raw,,,True,True,topic split A (0-9) versus split B (10-19),aligned: enthusiastic
split_reliability,aligned,41,enthusiastic,reliability,,,,,,,,,0.6502499526105113,raw,,,True,True,topic split A (0-9) versus split B (10-19),aligned: enthusiastic
split_reliability,aligned,42,enthusiastic,reliability,,,,,,,,,0.6470105864569281,raw,,,True,True,topic split A (0-9) versus split B (10-19),aligned: enthusiastic
split_reliability,aligned,43,enthusiastic,reliability,,,,,,,,,0.652236905403319,raw,,,True,True,topic split A (0-9) versus split B (10-19),aligned: enthusiastic
split_reliability,aligned,44,enthusiastic,reliability,,,,,,,,,0.6568742471452136,raw,,,True,True,topic split A (0-9) versus split B (10-19),aligned: enthusiastic
split_reliability,aligned,45,enthusiastic,reliability,,,,,,,,,0.6445734447957512,raw,,,True,True,topic split A (0-9) versus split B (10-19),aligned: enthusiastic
split_reliability,aligned,46,enthusiastic,reliability,,,,,,,,,0.6117819662601061,raw,,,True,True,topic split A (0-9) versus split B (10-19),aligned: enthusiastic
split_reliability,aligned,47,enthusiastic,reliability,,,,,,,,,0.6285613035461537,raw,,,True,True,topic split A (0-9) versus split B (10-19),aligned: enthusiastic
split_reliability,aligned,0,excited,reliability,,,,,,,,,0.4406991103458089,raw,,,True,True,topic split A (0-9) versus split B (10-19),aligned: excited
split_reliability,aligned,1,excited,reliability,,,,,,,,,0.4620550858942005,raw,,,True,True,topic split A (0-9) versus split B (10-19),aligned: excited
split_reliability,aligned,2,excited,reliability,,,,,,,,,0.4946824542284639,raw,,,True,True,topic split A (0-9) versus split B (10-19),aligned: excited
split_reliability,aligned,3,excited,reliability,,,,,,,,,0.48713136221103737,raw,,,True,True,topic split A (0-9) versus split B (10-19),aligned: excited
split_reliability,aligned,4,excited,reliability,,,,,,,,,0.4663003694528959,raw,,,True,True,topic split A (0-9) versus split B (10-19),aligned: excited
split_reliability,aligned,5,excited,reliability,,,,,,,,,0.463442719052788,raw,,,True,True,topic split A (0-9) versus split B (10-19),aligned: excited
split_reliability,aligned,6,excited,reliability,,,,,,,,,0.4589919055372557,raw,,,True,True,topic split A (0-9) versus split B (10-19),aligned: excited
split_reliability,aligned,7,excited,reliability,,,,,,,,,0.47227418700507134,raw,,,True,True,topic split A (0-9) versus split B (10-19),aligned: excited
split_reliability,aligned,8,excited,reliability,,,,,,,,,0.4436627231074413,raw,,,True,True,topic split A (0-9) versus split B (10-19),aligned: excited
split_reliability,aligned,9,excited,reliability,,,,,,,,,0.4849151715945796,raw,,,True,True,topic split A (0-9) versus split B (10-19),aligned: excited
split_reliability,aligned,10,excited,reliability,,,,,,,,,0.46506259601504196,raw,,,True,True,topic split A (0-9) versus split B (10-19),aligned: excited
split_reliability,aligned,11,excited,reliability,,,,,,,,,0.46160024279122414,raw,,,True,True,topic split A (0-9) versus split B (10-19),aligned: excited
split_reliability,aligned,12,excited,reliability,,,,,,,,,0.4464325578667549,raw,,,True,True,topic split A (0-9) versus split B (10-19),aligned: excited
split_reliability,aligned,13,excited,reliability,,,,,,,,,0.4594068015461174,raw,,,True,True,topic split A (0-9) versus split B (10-19),aligned: excited
split_reliability,aligned,14,excited,reliability,,,,,,,,,0.46092301992083645,raw,,,True,True,topic split A (0-9) versus split B (10-19),aligned: excited
split_reliability,aligned,15,excited,reliability,,,,,,,,,0.49335332473991295,raw,,,True,True,topic split A (0-9) versus split B (10-19),aligned: excited
split_reliability,aligned,16,excited,reliability,,,,,,,,,0.5297407837998382,raw,,,True,True,topic split A (0-9) versus split B (10-19),aligned: excited
split_reliability,aligned,17,excited,reliability,,,,,,,,,0.5677266329801219,raw,,,True,True,topic split A (0-9) versus split B (10-19),aligned: excited
split_reliability,aligned,18,excited,reliability,,,,,,,,,0.5742778008157928,raw,,,True,True,topic split A (0-9) versus split B (10-19),aligned: excited
split_reliability,aligned,19,excited,reliability,,,,,,,,,0.586174784626179,raw,,,True,True,topic split A (0-9) versus split B (10-19),aligned: excited
split_reliability,aligned,20,excited,reliability,,,,,,,,,0.6083894136279151,raw,,,True,True,topic split A (0-9) versus split B (10-19),aligned: excited
split_reliability,aligned,21,excited,reliability,,,,,,,,,0.6164133237982253,raw,,,True,True,topic split A (0-9) versus split B (10-19),aligned: excited
split_reliability,aligned,22,excited,reliability,,,,,,,,,0.6211317155087244,raw,,,True,True,topic split A (0-9) versus split B (10-19),aligned: excited
split_reliability,aligned,23,excited,reliability,,,,,,,,,0.6302964849946485,raw,,,True,True,topic split A (0-9) versus split B (10-19),aligned: excited
split_reliability,aligned,24,excited,reliability,,,,,,,,,0.6133418527775879,raw,,,True,True,topic split A (0-9) versus split B (10-19),aligned: excited
split_reliability,aligned,25,excited,reliability,,,,,,,,,0.6211145843314012,raw,,,True,True,topic split A (0-9) versus split B (10-19),aligned: excited
split_reliability,aligned,26,excited,reliability,,,,,,,,,0.6180297788350357,raw,,,True,True,topic split A (0-9) versus split B (10-19),aligned: excited
split_reliability,aligned,27,excited,reliability,,,,,,,,,0.6458735732189164,raw,,,True,True,topic split A (0-9) versus split B (10-19),aligned: excited
split_reliability,aligned,28,excited,reliability,,,,,,,,,0.6517218829925211,raw,,,True,True,topic split A (0-9) versus split B (10-19),aligned: excited
split_reliability,aligned,29,excited,reliability,,,,,,,,,0.6586076679025155,raw,,,True,True,topic split A (0-9) versus split B (10-19),aligned: excited
split_reliability,aligned,30,excited,reliability,,,,,,,,,0.6726840718445367,raw,,,True,True,topic split A (0-9) versus split B (10-19),aligned: excited
split_reliability,aligned,31,excited,reliability,,,,,,,,,0.7005747427910488,raw,,,True,True,topic split A (0-9) versus split B (10-19),aligned: excited
split_reliability,aligned,32,excited,reliability,,,,,,,,,0.6975769315137018,raw,,,True,True,topic split A (0-9) versus split B (10-19),aligned: excited
split_reliability,aligned,33,excited,reliability,,,,,,,,,0.6903485991395837,raw,,,True,True,topic split A (0-9) versus split B (10-19),aligned: excited
split_reliability,aligned,34,excited,reliability,,,,,,,,,0.6711032745126883,raw,,,True,True,topic split A (0-9) versus split B (10-19),aligned: excited
split_reliability,aligned,35,excited,reliability,,,,,,,,,0.675431820545451,raw,,,True,True,topic split A (0-9) versus split B (10-19),aligned: excited
split_reliability,aligned,36,excited,reliability,,,,,,,,,0.6764749641748001,raw,,,True,True,topic split A (0-9) versus split B (10-19),aligned: excited
split_reliability,aligned,37,excited,reliability,,,,,,,,,0.6759461369295487,raw,,,True,True,topic split A (0-9) versus split B (10-19),aligned: excited
split_reliability,aligned,38,excited,reliability,,,,,,,,,0.678973194881458,raw,,,True,True,topic split A (0-9) versus split B (10-19),aligned: excited
split_reliability,aligned,39,excited,reliability,,,,,,,,,0.6754052927357741,raw,,,True,True,topic split A (0-9) versus split B (10-19),aligned: excited
split_reliability,aligned,40,excited,reliability,,,,,,,,,0.683127835255643,raw,,,True,True,topic split A (0-9) versus split B (10-19),aligned: excited
split_reliability,aligned,41,excited,reliability,,,,,,,,,0.6840950042418453,raw,,,True,True,topic split A (0-9) versus split B (10-19),aligned: excited
split_reliability,aligned,42,excited,reliability,,,,,,,,,0.6797337165220766,raw,,,True,True,topic split A (0-9) versus split B (10-19),aligned: excited
split_reliability,aligned,43,excited,reliability,,,,,,,,,0.6759539130663704,raw,,,True,True,topic split A (0-9) versus split B (10-19),aligned: excited
split_reliability,aligned,44,excited,reliability,,,,,,,,,0.6753801286904905,raw,,,True,True,topic split A (0-9) versus split B (10-19),aligned: excited
split_reliability,aligned,45,excited,reliability,,,,,,,,,0.677092007791807,raw,,,True,True,topic split A (0-9) versus split B (10-19),aligned: excited
split_reliability,aligned,46,excited,reliability,,,,,,,,,0.688380133148141,raw,,,True,True,topic split A (0-9) versus split B (10-19),aligned: excited
split_reliability,aligned,47,excited,reliability,,,,,,,,,0.7075358011975084,raw,,,True,True,topic split A (0-9) versus split B (10-19),aligned: excited
split_reliability,aligned,0,furious,reliability,,,,,,,,,0.6883168431887372,raw,,,True,True,topic split A (0-9) versus split B (10-19),aligned: furious
split_reliability,aligned,1,furious,reliability,,,,,,,,,0.6910898680684132,raw,,,True,True,topic split A (0-9) versus split B (10-19),aligned: furious
split_reliability,aligned,2,furious,reliability,,,,,,,,,0.6986387646358324,raw,,,True,True,topic split A (0-9) versus split B (10-19),aligned: furious
split_reliability,aligned,3,furious,reliability,,,,,,,,,0.7049928096080249,raw,,,True,True,topic split A (0-9) versus split B (10-19),aligned: furious
split_reliability,aligned,4,furious,reliability,,,,,,,,,0.7083574716442629,raw,,,True,True,topic split A (0-9) versus split B (10-19),aligned: furious
split_reliability,aligned,5,furious,reliability,,,,,,,,,0.7089281493255857,raw,,,True,True,topic split A (0-9) versus split B (10-19),aligned: furious
split_reliability,aligned,6,furious,reliability,,,,,,,,,0.7282609163224072,raw,,,True,True,topic split A (0-9) versus split B (10-19),aligned: furious
split_reliability,aligned,7,furious,reliability,,,,,,,,,0.7561656112650479,raw,,,True,True,topic split A (0-9) versus split B (10-19),aligned: furious
split_reliability,aligned,8,furious,reliability,,,,,,,,,0.7621924407390502,raw,,,True,True,topic split A (0-9) versus split B (10-19),aligned: furious
split_reliability,aligned,9,furious,reliability,,,,,,,,,0.7762043034257046,raw,,,True,True,topic split A (0-9) versus split B (10-19),aligned: furious
split_reliability,aligned,10,furious,reliability,,,,,,,,,0.7958371046495132,raw,,,True,True,topic split A (0-9) versus split B (10-19),aligned: furious
split_reliability,aligned,11,furious,reliability,,,,,,,,,0.7812564604654779,raw,,,True,True,topic split A (0-9) versus split B (10-19),aligned: furious
split_reliability,aligned,12,furious,reliability,,,,,,,,,0.7754063161601534,raw,,,True,True,topic split A (0-9) versus split B (10-19),aligned: furious
split_reliability,aligned,13,furious,reliability,,,,,,,,,0.7919786298241315,raw,,,True,True,topic split A (0-9) versus split B (10-19),aligned: furious
split_reliability,aligned,14,furious,reliability,,,,,,,,,0.7850847565308006,raw,,,True,True,topic split A (0-9) versus split B (10-19),aligned: furious
split_reliability,aligned,15,furious,reliability,,,,,,,,,0.794913573879915,raw,,,True,True,topic split A (0-9) versus split B (10-19),aligned: furious
split_reliability,aligned,16,furious,reliability,,,,,,,,,0.7910451679412254,raw,,,True,True,topic split A (0-9) versus split B (10-19),aligned: furious
split_reliability,aligned,17,furious,reliability,,,,,,,,,0.7861749527787711,raw,,,True,True,topic split A (0-9) versus split B (10-19),aligned: furious
split_reliability,aligned,18,furious,reliability,,,,,,,,,0.7737577862253394,raw,,,True,True,topic split A (0-9) versus split B (10-19),aligned: furious
split_reliability,aligned,19,furious,reliability,,,,,,,,,0.7635751892584419,raw,,,True,True,topic split A (0-9) versus split B (10-19),aligned: furious
split_reliability,aligned,20,furious,reliability,,,,,,,,,0.7622016669249003,raw,,,True,True,topic split A (0-9) versus split B (10-19),aligned: furious
split_reliability,aligned,21,furious,reliability,,,,,,,,,0.7655960143809524,raw,,,True,True,topic split A (0-9) versus split B (10-19),aligned: furious
split_reliability,aligned,22,furious,reliability,,,,,,,,,0.7710408943187125,raw,,,True,True,topic split A (0-9) versus split B (10-19),aligned: furious
split_reliability,aligned,23,furious,reliability,,,,,,,,,0.7472742089590283,raw,,,True,True,topic split A (0-9) versus split B (10-19),aligned: furious
split_reliability,aligned,24,furious,reliability,,,,,,,,,0.7056277695187376,raw,,,True,True,topic split A (0-9) versus split B (10-19),aligned: furious
split_reliability,aligned,25,furious,reliability,,,,,,,,,0.705875720605307,raw,,,True,True,topic split A (0-9) versus split B (10-19),aligned: furious
split_reliability,aligned,26,furious,reliability,,,,,,,,,0.6930077030025262,raw,,,True,True,topic split A (0-9) versus split B (10-19),aligned: furious
split_reliability,aligned,27,furious,reliability,,,,,,,,,0.6916698302200709,raw,,,True,True,topic split A (0-9) versus split B (10-19),aligned: furious
split_reliability,aligned,28,furious,reliability,,,,,,,,,0.6860054649841196,raw,,,True,True,topic split A (0-9) versus split B (10-19),aligned: furious
split_reliability,aligned,29,furious,reliability,,,,,,,,,0.6692772439332241,raw,,,True,True,topic split A (0-9) versus split B (10-19),aligned: furious
split_reliability,aligned,30,furious,reliability,,,,,,,,,0.6786325940469115,raw,,,True,True,topic split A (0-9) versus split B (10-19),aligned: furious
split_reliability,aligned,31,furious,reliability,,,,,,,,,0.714542350651242,raw,,,True,True,topic split A (0-9) versus split B (10-19),aligned: furious
split_reliability,aligned,32,furious,reliability,,,,,,,,,0.7186865512427887,raw,,,True,True,topic split A (0-9) versus split B (10-19),aligned: furious
split_reliability,aligned,33,furious,reliability,,,,,,,,,0.7050618876478396,raw,,,True,True,topic split A (0-9) versus split B (10-19),aligned: furious
split_reliability,aligned,34,furious,reliability,,,,,,,,,0.7288530018810226,raw,,,True,True,topic split A (0-9) versus split B (10-19),aligned: furious
split_reliability,aligned,35,furious,reliability,,,,,,,,,0.7370349142666747,raw,,,True,True,topic split A (0-9) versus split B (10-19),aligned: furious
split_reliability,aligned,36,furious,reliability,,,,,,,,,0.7345456115180825,raw,,,True,True,topic split A (0-9) versus split B (10-19),aligned: furious
split_reliability,aligned,37,furious,reliability,,,,,,,,,0.7311949294320946,raw,,,True,True,topic split A (0-9) versus split B (10-19),aligned: furious
split_reliability,aligned,38,furious,reliability,,,,,,,,,0.7415964980679907,raw,,,True,True,topic split A (0-9) versus split B (10-19),aligned: furious
split_reliability,aligned,39,furious,reliability,,,,,,,,,0.7389331972317129,raw,,,True,True,topic split A (0-9) versus split B (10-19),aligned: furious
split_reliability,aligned,40,furious,reliability,,,,,,,,,0.7618346223768414,raw,,,True,True,topic split A (0-9) versus split B (10-19),aligned: furious
split_reliability,aligned,41,furious,reliability,,,,,,,,,0.7613698812681493,raw,,,True,True,topic split A (0-9) versus split B (10-19),aligned: furious
split_reliability,aligned,42,furious,reliability,,,,,,,,,0.7567515351905537,raw,,,True,True,topic split A (0-9) versus split B (10-19),aligned: furious
split_reliability,aligned,43,furious,reliability,,,,,,,,,0.7696642212895313,raw,,,True,True,topic split A (0-9) versus split B (10-19),aligned: furious
split_reliability,aligned,44,furious,reliability,,,,,,,,,0.7792094685780039,raw,,,True,True,topic split A (0-9) versus split B (10-19),aligned: furious
split_reliability,aligned,45,furious,reliability,,,,,,,,,0.7684086167922312,raw,,,True,True,topic split A (0-9) versus split B (10-19),aligned: furious
split_reliability,aligned,46,furious,reliability,,,,,,,,,0.7867689278326863,raw,,,True,True,topic split A (0-9) versus split B (10-19),aligned: furious
split_reliability,aligned,47,furious,reliability,,,,,,,,,0.8718165815865099,raw,,,True,True,topic split A (0-9) versus split B (10-19),aligned: furious
split_reliability,aligned,0,gloomy,reliability,,,,,,,,,0.5088351067925881,raw,,,True,True,topic split A (0-9) versus split B (10-19),aligned: gloomy
split_reliability,aligned,1,gloomy,reliability,,,,,,,,,0.5513623529610578,raw,,,True,True,topic split A (0-9) versus split B (10-19),aligned: gloomy
split_reliability,aligned,2,gloomy,reliability,,,,,,,,,0.6071095351830431,raw,,,True,True,topic split A (0-9) versus split B (10-19),aligned: gloomy
split_reliability,aligned,3,gloomy,reliability,,,,,,,,,0.6292012309442923,raw,,,True,True,topic split A (0-9) versus split B (10-19),aligned: gloomy
split_reliability,aligned,4,gloomy,reliability,,,,,,,,,0.6239750261455418,raw,,,True,True,topic split A (0-9) versus split B (10-19),aligned: gloomy
split_reliability,aligned,5,gloomy,reliability,,,,,,,,,0.612818500028176,raw,,,True,True,topic split A (0-9) versus split B (10-19),aligned: gloomy
split_reliability,aligned,6,gloomy,reliability,,,,,,,,,0.6273863261685232,raw,,,True,True,topic split A (0-9) versus split B (10-19),aligned: gloomy
split_reliability,aligned,7,gloomy,reliability,,,,,,,,,0.6339059910934776,raw,,,True,True,topic split A (0-9) versus split B (10-19),aligned: gloomy
split_reliability,aligned,8,gloomy,reliability,,,,,,,,,0.6141311175968225,raw,,,True,True,topic split A (0-9) versus split B (10-19),aligned: gloomy
split_reliability,aligned,9,gloomy,reliability,,,,,,,,,0.6234936180354279,raw,,,True,True,topic split A (0-9) versus split B (10-19),aligned: gloomy
split_reliability,aligned,10,gloomy,reliability,,,,,,,,,0.620466122446553,raw,,,True,True,topic split A (0-9) versus split B (10-19),aligned: gloomy
split_reliability,aligned,11,gloomy,reliability,,,,,,,,,0.6170144746870592,raw,,,True,True,topic split A (0-9) versus split B (10-19),aligned: gloomy
split_reliability,aligned,12,gloomy,reliability,,,,,,,,,0.602271433292162,raw,,,True,True,topic split A (0-9) versus split B (10-19),aligned: gloomy
split_reliability,aligned,13,gloomy,reliability,,,,,,,,,0.6106635315001439,raw,,,True,True,topic split A (0-9) versus split B (10-19),aligned: gloomy
split_reliability,aligned,14,gloomy,reliability,,,,,,,,,0.6304449451982854,raw,,,True,True,topic split A (0-9) versus split B (10-19),aligned: gloomy
split_reliability,aligned,15,gloomy,reliability,,,,,,,,,0.6462256412947815,raw,,,True,True,topic split A (0-9) versus split B (10-19),aligned: gloomy
split_reliability,aligned,16,gloomy,reliability,,,,,,,,,0.6618697673602774,raw,,,True,True,topic split A (0-9) versus split B (10-19),aligned: gloomy
split_reliability,aligned,17,gloomy,reliability,,,,,,,,,0.659354460559958,raw,,,True,True,topic split A (0-9) versus split B (10-19),aligned: gloomy
split_reliability,aligned,18,gloomy,reliability,,,,,,,,,0.6671382360150825,raw,,,True,True,topic split A (0-9) versus split B (10-19),aligned: gloomy
split_reliability,aligned,19,gloomy,reliability,,,,,,,,,0.663521805845276,raw,,,True,True,topic split A (0-9) versus split B (10-19),aligned: gloomy
split_reliability,aligned,20,gloomy,reliability,,,,,,,,,0.6520397547477292,raw,,,True,True,topic split A (0-9) versus split B (10-19),aligned: gloomy
split_reliability,aligned,21,gloomy,reliability,,,,,,,,,0.6516483387613324,raw,,,True,True,topic split A (0-9) versus split B (10-19),aligned: gloomy
split_reliability,aligned,22,gloomy,reliability,,,,,,,,,0.6573549630640992,raw,,,True,True,topic split A (0-9) versus split B (10-19),aligned: gloomy
split_reliability,aligned,23,gloomy,reliability,,,,,,,,,0.6681919561511347,raw,,,True,True,topic split A (0-9) versus split B (10-19),aligned: gloomy
split_reliability,aligned,24,gloomy,reliability,,,,,,,,,0.6661348418188735,raw,,,True,True,topic split A (0-9) versus split B (10-19),aligned: gloomy
split_reliability,aligned,25,gloomy,reliability,,,,,,,,,0.6715448930040794,raw,,,True,True,topic split A (0-9) versus split B (10-19),aligned: gloomy
split_reliability,aligned,26,gloomy,reliability,,,,,,,,,0.6600505543107922,raw,,,True,True,topic split A (0-9) versus split B (10-19),aligned: gloomy
split_reliability,aligned,27,gloomy,reliability,,,,,,,,,0.657825167715781,raw,,,True,True,topic split A (0-9) versus split B (10-19),aligned: gloomy
split_reliability,aligned,28,gloomy,reliability,,,,,,,,,0.6515698854933211,raw,,,True,True,topic split A (0-9) versus split B (10-19),aligned: gloomy
split_reliability,aligned,29,gloomy,reliability,,,,,,,,,0.6281809305177508,raw,,,True,True,topic split A (0-9) versus split B (10-19),aligned: gloomy
split_reliability,aligned,30,gloomy,reliability,,,,,,,,,0.6409310884173723,raw,,,True,True,topic split A (0-9) versus split B (10-19),aligned: gloomy
split_reliability,aligned,31,gloomy,reliability,,,,,,,,,0.6769658824884484,raw,,,True,True,topic split A (0-9) versus split B (10-19),aligned: gloomy
split_reliability,aligned,32,gloomy,reliability,,,,,,,,,0.6782204916615379,raw,,,True,True,topic split A (0-9) versus split B (10-19),aligned: gloomy
split_reliability,aligned,33,gloomy,reliability,,,,,,,,,0.6824690344900407,raw,,,True,True,topic split A (0-9) versus split B (10-19),aligned: gloomy
split_reliability,aligned,34,gloomy,reliability,,,,,,,,,0.6764798892076402,raw,,,True,True,topic split A (0-9) versus split B (10-19),aligned: gloomy
split_reliability,aligned,35,gloomy,reliability,,,,,,,,,0.6820723172176492,raw,,,True,True,topic split A (0-9) versus split B (10-19),aligned: gloomy
split_reliability,aligned,36,gloomy,reliability,,,,,,,,,0.6815565829651216,raw,,,True,True,topic split A (0-9) versus split B (10-19),aligned: gloomy
split_reliability,aligned,37,gloomy,reliability,,,,,,,,,0.6940468203164013,raw,,,True,True,topic split A (0-9) versus split B (10-19),aligned: gloomy
split_reliability,aligned,38,gloomy,reliability,,,,,,,,,0.7072071410190307,raw,,,True,True,topic split A (0-9) versus split B (10-19),aligned: gloomy
split_reliability,aligned,39,gloomy,reliability,,,,,,,,,0.7124123545275581,raw,,,True,True,topic split A (0-9) versus split B (10-19),aligned: gloomy
split_reliability,aligned,40,gloomy,reliability,,,,,,,,,0.7215229967106893,raw,,,True,True,topic split A (0-9) versus split B (10-19),aligned: gloomy
split_reliability,aligned,41,gloomy,reliability,,,,,,,,,0.7251824183635552,raw,,,True,True,topic split A (0-9) versus split B (10-19),aligned: gloomy
split_reliability,aligned,42,gloomy,reliability,,,,,,,,,0.7305480566862964,raw,,,True,True,topic split A (0-9) versus split B (10-19),aligned: gloomy
split_reliability,aligned,43,gloomy,reliability,,,,,,,,,0.7299700732099732,raw,,,True,True,topic split A (0-9) versus split B (10-19),aligned: gloomy
split_reliability,aligned,44,gloomy,reliability,,,,,,,,,0.736790751731754,raw,,,True,True,topic split A (0-9) versus split B (10-19),aligned: gloomy
split_reliability,aligned,45,gloomy,reliability,,,,,,,,,0.7247971593006324,raw,,,True,True,topic split A (0-9) versus split B (10-19),aligned: gloomy
split_reliability,aligned,46,gloomy,reliability,,,,,,,,,0.7143463230221156,raw,,,True,True,topic split A (0-9) versus split B (10-19),aligned: gloomy
split_reliability,aligned,47,gloomy,reliability,,,,,,,,,0.7566297153010253,raw,,,True,True,topic split A (0-9) versus split B (10-19),aligned: gloomy
split_reliability,aligned,0,joyful,reliability,,,,,,,,,0.6368988152136852,raw,,,True,True,topic split A (0-9) versus split B (10-19),aligned: joyful
split_reliability,aligned,1,joyful,reliability,,,,,,,,,0.6323858194377033,raw,,,True,True,topic split A (0-9) versus split B (10-19),aligned: joyful
split_reliability,aligned,2,joyful,reliability,,,,,,,,,0.6275900577482291,raw,,,True,True,topic split A (0-9) versus split B (10-19),aligned: joyful
split_reliability,aligned,3,joyful,reliability,,,,,,,,,0.6498527435605361,raw,,,True,True,topic split A (0-9) versus split B (10-19),aligned: joyful
split_reliability,aligned,4,joyful,reliability,,,,,,,,,0.6662691482944917,raw,,,True,True,topic split A (0-9) versus split B (10-19),aligned: joyful
split_reliability,aligned,5,joyful,reliability,,,,,,,,,0.660797558382111,raw,,,True,True,topic split A (0-9) versus split B (10-19),aligned: joyful
split_reliability,aligned,6,joyful,reliability,,,,,,,,,0.6910238098340112,raw,,,True,True,topic split A (0-9) versus split B (10-19),aligned: joyful
split_reliability,aligned,7,joyful,reliability,,,,,,,,,0.7109826085039901,raw,,,True,True,topic split A (0-9) versus split B (10-19),aligned: joyful
split_reliability,aligned,8,joyful,reliability,,,,,,,,,0.7266988715967367,raw,,,True,True,topic split A (0-9) versus split B (10-19),aligned: joyful
split_reliability,aligned,9,joyful,reliability,,,,,,,,,0.7471852063100444,raw,,,True,True,topic split A (0-9) versus split B (10-19),aligned: joyful
split_reliability,aligned,10,joyful,reliability,,,,,,,,,0.7987440335333379,raw,,,True,True,topic split A (0-9) versus split B (10-19),aligned: joyful
split_reliability,aligned,11,joyful,reliability,,,,,,,,,0.7866949700874504,raw,,,True,True,topic split A (0-9) versus split B (10-19),aligned: joyful
split_reliability,aligned,12,joyful,reliability,,,,,,,,,0.776353251023061,raw,,,True,True,topic split A (0-9) versus split B (10-19),aligned: joyful
split_reliability,aligned,13,joyful,reliability,,,,,,,,,0.7901099467830166,raw,,,True,True,topic split A (0-9) versus split B (10-19),aligned: joyful
split_reliability,aligned,14,joyful,reliability,,,,,,,,,0.7919030806066728,raw,,,True,True,topic split A (0-9) versus split B (10-19),aligned: joyful
split_reliability,aligned,15,joyful,reliability,,,,,,,,,0.7961454941319808,raw,,,True,True,topic split A (0-9) versus split B (10-19),aligned: joyful
split_reliability,aligned,16,joyful,reliability,,,,,,,,,0.8041516512920343,raw,,,True,True,topic split A (0-9) versus split B (10-19),aligned: joyful
split_reliability,aligned,17,joyful,reliability,,,,,,,,,0.8030744628455819,raw,,,True,True,topic split A (0-9) versus split B (10-19),aligned: joyful
split_reliability,aligned,18,joyful,reliability,,,,,,,,,0.8050409510024378,raw,,,True,True,topic split A (0-9) versus split B (10-19),aligned: joyful
split_reliability,aligned,19,joyful,reliability,,,,,,,,,0.8121106108115105,raw,,,True,True,topic split A (0-9) versus split B (10-19),aligned: joyful
split_reliability,aligned,20,joyful,reliability,,,,,,,,,0.8149184280854782,raw,,,True,True,topic split A (0-9) versus split B (10-19),aligned: joyful
split_reliability,aligned,21,joyful,reliability,,,,,,,,,0.8125864646313291,raw,,,True,True,topic split A (0-9) versus split B (10-19),aligned: joyful
split_reliability,aligned,22,joyful,reliability,,,,,,,,,0.8114089858419804,raw,,,True,True,topic split A (0-9) versus split B (10-19),aligned: joyful
split_reliability,aligned,23,joyful,reliability,,,,,,,,,0.8063808689540896,raw,,,True,True,topic split A (0-9) versus split B (10-19),aligned: joyful
split_reliability,aligned,24,joyful,reliability,,,,,,,,,0.7980187755237733,raw,,,True,True,topic split A (0-9) versus split B (10-19),aligned: joyful
split_reliability,aligned,25,joyful,reliability,,,,,,,,,0.801551420841298,raw,,,True,True,topic split A (0-9) versus split B (10-19),aligned: joyful
split_reliability,aligned,26,joyful,reliability,,,,,,,,,0.7972127482152652,raw,,,True,True,topic split A (0-9) versus split B (10-19),aligned: joyful
split_reliability,aligned,27,joyful,reliability,,,,,,,,,0.8018242020881657,raw,,,True,True,topic split A (0-9) versus split B (10-19),aligned: joyful
split_reliability,aligned,28,joyful,reliability,,,,,,,,,0.7954229475957714,raw,,,True,True,topic split A (0-9) versus split B (10-19),aligned: joyful
split_reliability,aligned,29,joyful,reliability,,,,,,,,,0.7954612000132294,raw,,,True,True,topic split A (0-9) versus split B (10-19),aligned: joyful
split_reliability,aligned,30,joyful,reliability,,,,,,,,,0.8074365488110498,raw,,,True,True,topic split A (0-9) versus split B (10-19),aligned: joyful
split_reliability,aligned,31,joyful,reliability,,,,,,,,,0.8223590885573195,raw,,,True,True,topic split A (0-9) versus split B (10-19),aligned: joyful
split_reliability,aligned,32,joyful,reliability,,,,,,,,,0.8202938034191849,raw,,,True,True,topic split A (0-9) versus split B (10-19),aligned: joyful
split_reliability,aligned,33,joyful,reliability,,,,,,,,,0.8101880955053563,raw,,,True,True,topic split A (0-9) versus split B (10-19),aligned: joyful
split_reliability,aligned,34,joyful,reliability,,,,,,,,,0.8110603600922494,raw,,,True,True,topic split A (0-9) versus split B (10-19),aligned: joyful
split_reliability,aligned,35,joyful,reliability,,,,,,,,,0.7980044435270279,raw,,,True,True,topic split A (0-9) versus split B (10-19),aligned: joyful
split_reliability,aligned,36,joyful,reliability,,,,,,,,,0.8108912092192773,raw,,,True,True,topic split A (0-9) versus split B (10-19),aligned: joyful
split_reliability,aligned,37,joyful,reliability,,,,,,,,,0.8115336897971499,raw,,,True,True,topic split A (0-9) versus split B (10-19),aligned: joyful
split_reliability,aligned,38,joyful,reliability,,,,,,,,,0.8153667318426121,raw,,,True,True,topic split A (0-9) versus split B (10-19),aligned: joyful
split_reliability,aligned,39,joyful,reliability,,,,,,,,,0.8166589069322202,raw,,,True,True,topic split A (0-9) versus split B (10-19),aligned: joyful
split_reliability,aligned,40,joyful,reliability,,,,,,,,,0.8233222162250988,raw,,,True,True,topic split A (0-9) versus split B (10-19),aligned: joyful
split_reliability,aligned,41,joyful,reliability,,,,,,,,,0.8244875577141437,raw,,,True,True,topic split A (0-9) versus split B (10-19),aligned: joyful
split_reliability,aligned,42,joyful,reliability,,,,,,,,,0.8259416460322129,raw,,,True,True,topic split A (0-9) versus split B (10-19),aligned: joyful
split_reliability,aligned,43,joyful,reliability,,,,,,,,,0.8233972186651886,raw,,,True,True,topic split A (0-9) versus split B (10-19),aligned: joyful
split_reliability,aligned,44,joyful,reliability,,,,,,,,,0.8214014874164262,raw,,,True,True,topic split A (0-9) versus split B (10-19),aligned: joyful
split_reliability,aligned,45,joyful,reliability,,,,,,,,,0.8192032118529198,raw,,,True,True,topic split A (0-9) versus split B (10-19),aligned: joyful
split_reliability,aligned,46,joyful,reliability,,,,,,,,,0.8146025669899833,raw,,,True,True,topic split A (0-9) versus split B (10-19),aligned: joyful
split_reliability,aligned,47,joyful,reliability,,,,,,,,,0.8155976486264483,raw,,,True,True,topic split A (0-9) versus split B (10-19),aligned: joyful
split_reliability,aligned,0,miserable,reliability,,,,,,,,,0.44582128210670563,raw,,,True,True,topic split A (0-9) versus split B (10-19),aligned: miserable
split_reliability,aligned,1,miserable,reliability,,,,,,,,,0.4734850883305804,raw,,,True,True,topic split A (0-9) versus split B (10-19),aligned: miserable
split_reliability,aligned,2,miserable,reliability,,,,,,,,,0.489075920183101,raw,,,True,True,topic split A (0-9) versus split B (10-19),aligned: miserable
split_reliability,aligned,3,miserable,reliability,,,,,,,,,0.502740626188664,raw,,,True,True,topic split A (0-9) versus split B (10-19),aligned: miserable
split_reliability,aligned,4,miserable,reliability,,,,,,,,,0.5155408391700524,raw,,,True,True,topic split A (0-9) versus split B (10-19),aligned: miserable
split_reliability,aligned,5,miserable,reliability,,,,,,,,,0.5234961551550987,raw,,,True,True,topic split A (0-9) versus split B (10-19),aligned: miserable
split_reliability,aligned,6,miserable,reliability,,,,,,,,,0.5434332115746301,raw,,,True,True,topic split A (0-9) versus split B (10-19),aligned: miserable
split_reliability,aligned,7,miserable,reliability,,,,,,,,,0.5689046065020773,raw,,,True,True,topic split A (0-9) versus split B (10-19),aligned: miserable
split_reliability,aligned,8,miserable,reliability,,,,,,,,,0.5694651155438827,raw,,,True,True,topic split A (0-9) versus split B (10-19),aligned: miserable
split_reliability,aligned,9,miserable,reliability,,,,,,,,,0.5623121083191299,raw,,,True,True,topic split A (0-9) versus split B (10-19),aligned: miserable
split_reliability,aligned,10,miserable,reliability,,,,,,,,,0.5946549417586375,raw,,,True,True,topic split A (0-9) versus split B (10-19),aligned: miserable
split_reliability,aligned,11,miserable,reliability,,,,,,,,,0.5889594654697679,raw,,,True,True,topic split A (0-9) versus split B (10-19),aligned: miserable
split_reliability,aligned,12,miserable,reliability,,,,,,,,,0.5856608524280775,raw,,,True,True,topic split A (0-9) versus split B (10-19),aligned: miserable
split_reliability,aligned,13,miserable,reliability,,,,,,,,,0.5963001708446486,raw,,,True,True,topic split A (0-9) versus split B (10-19),aligned: miserable
split_reliability,aligned,14,miserable,reliability,,,,,,,,,0.5861173133195965,raw,,,True,True,topic split A (0-9) versus split B (10-19),aligned: miserable
split_reliability,aligned,15,miserable,reliability,,,,,,,,,0.6056993014925878,raw,,,True,True,topic split A (0-9) versus split B (10-19),aligned: miserable
split_reliability,aligned,16,miserable,reliability,,,,,,,,,0.6301464089567902,raw,,,True,True,topic split A (0-9) versus split B (10-19),aligned: miserable
split_reliability,aligned,17,miserable,reliability,,,,,,,,,0.6229262925483204,raw,,,True,True,topic split A (0-9) versus split B (10-19),aligned: miserable
split_reliability,aligned,18,miserable,reliability,,,,,,,,,0.6347218525307602,raw,,,True,True,topic split A (0-9) versus split B (10-19),aligned: miserable
split_reliability,aligned,19,miserable,reliability,,,,,,,,,0.6328543525237963,raw,,,True,True,topic split A (0-9) versus split B (10-19),aligned: miserable
split_reliability,aligned,20,miserable,reliability,,,,,,,,,0.625841825747852,raw,,,True,True,topic split A (0-9) versus split B (10-19),aligned: miserable
split_reliability,aligned,21,miserable,reliability,,,,,,,,,0.6179511208658174,raw,,,True,True,topic split A (0-9) versus split B (10-19),aligned: miserable
split_reliability,aligned,22,miserable,reliability,,,,,,,,,0.6248655397279214,raw,,,True,True,topic split A (0-9) versus split B (10-19),aligned: miserable
split_reliability,aligned,23,miserable,reliability,,,,,,,,,0.6218589940363866,raw,,,True,True,topic split A (0-9) versus split B (10-19),aligned: miserable
split_reliability,aligned,24,miserable,reliability,,,,,,,,,0.6426388553623785,raw,,,True,True,topic split A (0-9) versus split B (10-19),aligned: miserable
split_reliability,aligned,25,miserable,reliability,,,,,,,,,0.6399520426203311,raw,,,True,True,topic split A (0-9) versus split B (10-19),aligned: miserable
split_reliability,aligned,26,miserable,reliability,,,,,,,,,0.6387214211586605,raw,,,True,True,topic split A (0-9) versus split B (10-19),aligned: miserable
split_reliability,aligned,27,miserable,reliability,,,,,,,,,0.6414105837550389,raw,,,True,True,topic split A (0-9) versus split B (10-19),aligned: miserable
split_reliability,aligned,28,miserable,reliability,,,,,,,,,0.651929218877187,raw,,,True,True,topic split A (0-9) versus split B (10-19),aligned: miserable
split_reliability,aligned,29,miserable,reliability,,,,,,,,,0.6561824056980109,raw,,,True,True,topic split A (0-9) versus split B (10-19),aligned: miserable
split_reliability,aligned,30,miserable,reliability,,,,,,,,,0.6604335660846953,raw,,,True,True,topic split A (0-9) versus split B (10-19),aligned: miserable
split_reliability,aligned,31,miserable,reliability,,,,,,,,,0.6860443250148576,raw,,,True,True,topic split A (0-9) versus split B (10-19),aligned: miserable
split_reliability,aligned,32,miserable,reliability,,,,,,,,,0.6812150624808632,raw,,,True,True,topic split A (0-9) versus split B (10-19),aligned: miserable
split_reliability,aligned,33,miserable,reliability,,,,,,,,,0.6892902042890349,raw,,,True,True,topic split A (0-9) versus split B (10-19),aligned: miserable
split_reliability,aligned,34,miserable,reliability,,,,,,,,,0.6821763889337518,raw,,,True,True,topic split A (0-9) versus split B (10-19),aligned: miserable
split_reliability,aligned,35,miserable,reliability,,,,,,,,,0.6763362718228888,raw,,,True,True,topic split A (0-9) versus split B (10-19),aligned: miserable
split_reliability,aligned,36,miserable,reliability,,,,,,,,,0.6848302567517839,raw,,,True,True,topic split A (0-9) versus split B (10-19),aligned: miserable
split_reliability,aligned,37,miserable,reliability,,,,,,,,,0.6901821071581938,raw,,,True,True,topic split A (0-9) versus split B (10-19),aligned: miserable
split_reliability,aligned,38,miserable,reliability,,,,,,,,,0.6956947422066462,raw,,,True,True,topic split A (0-9) versus split B (10-19),aligned: miserable
split_reliability,aligned,39,miserable,reliability,,,,,,,,,0.7017990082352179,raw,,,True,True,topic split A (0-9) versus split B (10-19),aligned: miserable
split_reliability,aligned,40,miserable,reliability,,,,,,,,,0.7121265002745784,raw,,,True,True,topic split A (0-9) versus split B (10-19),aligned: miserable
split_reliability,aligned,41,miserable,reliability,,,,,,,,,0.7144187562566289,raw,,,True,True,topic split A (0-9) versus split B (10-19),aligned: miserable
split_reliability,aligned,42,miserable,reliability,,,,,,,,,0.716148297294936,raw,,,True,True,topic split A (0-9) versus split B (10-19),aligned: miserable
split_reliability,aligned,43,miserable,reliability,,,,,,,,,0.7133570802089957,raw,,,True,True,topic split A (0-9) versus split B (10-19),aligned: miserable
split_reliability,aligned,44,miserable,reliability,,,,,,,,,0.7256711469775962,raw,,,True,True,topic split A (0-9) versus split B (10-19),aligned: miserable
split_reliability,aligned,45,miserable,reliability,,,,,,,,,0.71084435339931,raw,,,True,True,topic split A (0-9) versus split B (10-19),aligned: miserable
split_reliability,aligned,46,miserable,reliability,,,,,,,,,0.670721862560922,raw,,,True,True,topic split A (0-9) versus split B (10-19),aligned: miserable
split_reliability,aligned,47,miserable,reliability,,,,,,,,,0.6811500630548242,raw,,,True,True,topic split A (0-9) versus split B (10-19),aligned: miserable
split_reliability,aligned,0,sad,reliability,,,,,,,,,0.3916906818172205,raw,,,True,True,topic split A (0-9) versus split B (10-19),aligned: sad
split_reliability,aligned,1,sad,reliability,,,,,,,,,0.4652558917228979,raw,,,True,True,topic split A (0-9) versus split B (10-19),aligned: sad
split_reliability,aligned,2,sad,reliability,,,,,,,,,0.5233832171786724,raw,,,True,True,topic split A (0-9) versus split B (10-19),aligned: sad
split_reliability,aligned,3,sad,reliability,,,,,,,,,0.536383820009081,raw,,,True,True,topic split A (0-9) versus split B (10-19),aligned: sad
split_reliability,aligned,4,sad,reliability,,,,,,,,,0.5109922261369847,raw,,,True,True,topic split A (0-9) versus split B (10-19),aligned: sad
split_reliability,aligned,5,sad,reliability,,,,,,,,,0.5000608790219336,raw,,,True,True,topic split A (0-9) versus split B (10-19),aligned: sad
split_reliability,aligned,6,sad,reliability,,,,,,,,,0.4891638091947966,raw,,,True,True,topic split A (0-9) versus split B (10-19),aligned: sad
split_reliability,aligned,7,sad,reliability,,,,,,,,,0.48740691206851355,raw,,,True,True,topic split A (0-9) versus split B (10-19),aligned: sad
split_reliability,aligned,8,sad,reliability,,,,,,,,,0.45135242601601505,raw,,,True,True,topic split A (0-9) versus split B (10-19),aligned: sad
split_reliability,aligned,9,sad,reliability,,,,,,,,,0.468513052743988,raw,,,True,True,topic split A (0-9) versus split B (10-19),aligned: sad
split_reliability,aligned,10,sad,reliability,,,,,,,,,0.4560067268386582,raw,,,True,True,topic split A (0-9) versus split B (10-19),aligned: sad
split_reliability,aligned,11,sad,reliability,,,,,,,,,0.4433845420860387,raw,,,True,True,topic split A (0-9) versus split B (10-19),aligned: sad
split_reliability,aligned,12,sad,reliability,,,,,,,,,0.4342921402895746,raw,,,True,True,topic split A (0-9) versus split B (10-19),aligned: sad
split_reliability,aligned,13,sad,reliability,,,,,,,,,0.4603376722110318,raw,,,True,True,topic split A (0-9) versus split B (10-19),aligned: sad
split_reliability,aligned,14,sad,reliability,,,,,,,,,0.4734528406048749,raw,,,True,True,topic split A (0-9) versus split B (10-19),aligned: sad
split_reliability,aligned,15,sad,reliability,,,,,,,,,0.4887980024900071,raw,,,True,True,topic split A (0-9) versus split B (10-19),aligned: sad
split_reliability,aligned,16,sad,reliability,,,,,,,,,0.5316860625403342,raw,,,True,True,topic split A (0-9) versus split B (10-19),aligned: sad
split_reliability,aligned,17,sad,reliability,,,,,,,,,0.536675206748073,raw,,,True,True,topic split A (0-9) versus split B (10-19),aligned: sad
split_reliability,aligned,18,sad,reliability,,,,,,,,,0.538831386045499,raw,,,True,True,topic split A (0-9) versus split B (10-19),aligned: sad
split_reliability,aligned,19,sad,reliability,,,,,,,,,0.5367258080072032,raw,,,True,True,topic split A (0-9) versus split B (10-19),aligned: sad
split_reliability,aligned,20,sad,reliability,,,,,,,,,0.5502741165674092,raw,,,True,True,topic split A (0-9) versus split B (10-19),aligned: sad
split_reliability,aligned,21,sad,reliability,,,,,,,,,0.5786960921778256,raw,,,True,True,topic split A (0-9) versus split B (10-19),aligned: sad
split_reliability,aligned,22,sad,reliability,,,,,,,,,0.6003636720380874,raw,,,True,True,topic split A (0-9) versus split B (10-19),aligned: sad
split_reliability,aligned,23,sad,reliability,,,,,,,,,0.6172478454705262,raw,,,True,True,topic split A (0-9) versus split B (10-19),aligned: sad
split_reliability,aligned,24,sad,reliability,,,,,,,,,0.6106050404487869,raw,,,True,True,topic split A (0-9) versus split B (10-19),aligned: sad
split_reliability,aligned,25,sad,reliability,,,,,,,,,0.6187413844853445,raw,,,True,True,topic split A (0-9) versus split B (10-19),aligned: sad
split_reliability,aligned,26,sad,reliability,,,,,,,,,0.6133255351944362,raw,,,True,True,topic split A (0-9) versus split B (10-19),aligned: sad
split_reliability,aligned,27,sad,reliability,,,,,,,,,0.6224540810086981,raw,,,True,True,topic split A (0-9) versus split B (10-19),aligned: sad
split_reliability,aligned,28,sad,reliability,,,,,,,,,0.6269639704173183,raw,,,True,True,topic split A (0-9) versus split B (10-19),aligned: sad
split_reliability,aligned,29,sad,reliability,,,,,,,,,0.6385576350650821,raw,,,True,True,topic split A (0-9) versus split B (10-19),aligned: sad
split_reliability,aligned,30,sad,reliability,,,,,,,,,0.6527037534446479,raw,,,True,True,topic split A (0-9) versus split B (10-19),aligned: sad
split_reliability,aligned,31,sad,reliability,,,,,,,,,0.6930134265927307,raw,,,True,True,topic split A (0-9) versus split B (10-19),aligned: sad
split_reliability,aligned,32,sad,reliability,,,,,,,,,0.6890785556857182,raw,,,True,True,topic split A (0-9) versus split B (10-19),aligned: sad
split_reliability,aligned,33,sad,reliability,,,,,,,,,0.6947628091647317,raw,,,True,True,topic split A (0-9) versus split B (10-19),aligned: sad
split_reliability,aligned,34,sad,reliability,,,,,,,,,0.6938378710333521,raw,,,True,True,topic split A (0-9) versus split B (10-19),aligned: sad
split_reliability,aligned,35,sad,reliability,,,,,,,,,0.6898809146486854,raw,,,True,True,topic split A (0-9) versus split B (10-19),aligned: sad
split_reliability,aligned,36,sad,reliability,,,,,,,,,0.6952847705448212,raw,,,True,True,topic split A (0-9) versus split B (10-19),aligned: sad
split_reliability,aligned,37,sad,reliability,,,,,,,,,0.6947851844270788,raw,,,True,True,topic split A (0-9) versus split B (10-19),aligned: sad
split_reliability,aligned,38,sad,reliability,,,,,,,,,0.7000219470029504,raw,,,True,True,topic split A (0-9) versus split B (10-19),aligned: sad
split_reliability,aligned,39,sad,reliability,,,,,,,,,0.7006084285443943,raw,,,True,True,topic split A (0-9) versus split B (10-19),aligned: sad
split_reliability,aligned,40,sad,reliability,,,,,,,,,0.711217776468233,raw,,,True,True,topic split A (0-9) versus split B (10-19),aligned: sad
split_reliability,aligned,41,sad,reliability,,,,,,,,,0.7122544968186016,raw,,,True,True,topic split A (0-9) versus split B (10-19),aligned: sad
split_reliability,aligned,42,sad,reliability,,,,,,,,,0.7176418674822082,raw,,,True,True,topic split A (0-9) versus split B (10-19),aligned: sad
split_reliability,aligned,43,sad,reliability,,,,,,,,,0.7164274624998009,raw,,,True,True,topic split A (0-9) versus split B (10-19),aligned: sad
split_reliability,aligned,44,sad,reliability,,,,,,,,,0.7209054198374166,raw,,,True,True,topic split A (0-9) versus split B (10-19),aligned: sad
split_reliability,aligned,45,sad,reliability,,,,,,,,,0.7148575633589582,raw,,,True,True,topic split A (0-9) versus split B (10-19),aligned: sad
split_reliability,aligned,46,sad,reliability,,,,,,,,,0.7242687245368955,raw,,,True,True,topic split A (0-9) versus split B (10-19),aligned: sad
split_reliability,aligned,47,sad,reliability,,,,,,,,,0.7808818468492362,raw,,,True,True,topic split A (0-9) versus split B (10-19),aligned: sad
split_reliability,aligned,0,serene,reliability,,,,,,,,,0.5075686956835328,raw,,,True,True,topic split A (0-9) versus split B (10-19),aligned: serene
split_reliability,aligned,1,serene,reliability,,,,,,,,,0.4878782607019923,raw,,,True,True,topic split A (0-9) versus split B (10-19),aligned: serene
split_reliability,aligned,2,serene,reliability,,,,,,,,,0.5020976731758955,raw,,,True,True,topic split A (0-9) versus split B (10-19),aligned: serene
split_reliability,aligned,3,serene,reliability,,,,,,,,,0.48812265676859207,raw,,,True,True,topic split A (0-9) versus split B (10-19),aligned: serene
split_reliability,aligned,4,serene,reliability,,,,,,,,,0.5068961725944733,raw,,,True,True,topic split A (0-9) versus split B (10-19),aligned: serene
split_reliability,aligned,5,serene,reliability,,,,,,,,,0.5043092195815654,raw,,,True,True,topic split A (0-9) versus split B (10-19),aligned: serene
split_reliability,aligned,6,serene,reliability,,,,,,,,,0.5132734868295168,raw,,,True,True,topic split A (0-9) versus split B (10-19),aligned: serene
split_reliability,aligned,7,serene,reliability,,,,,,,,,0.5447773246070193,raw,,,True,True,topic split A (0-9) versus split B (10-19),aligned: serene
split_reliability,aligned,8,serene,reliability,,,,,,,,,0.57904417086006,raw,,,True,True,topic split A (0-9) versus split B (10-19),aligned: serene
split_reliability,aligned,9,serene,reliability,,,,,,,,,0.6154498856096247,raw,,,True,True,topic split A (0-9) versus split B (10-19),aligned: serene
split_reliability,aligned,10,serene,reliability,,,,,,,,,0.6631811093867022,raw,,,True,True,topic split A (0-9) versus split B (10-19),aligned: serene
split_reliability,aligned,11,serene,reliability,,,,,,,,,0.6571928484045539,raw,,,True,True,topic split A (0-9) versus split B (10-19),aligned: serene
split_reliability,aligned,12,serene,reliability,,,,,,,,,0.6709216745157541,raw,,,True,True,topic split A (0-9) versus split B (10-19),aligned: serene
split_reliability,aligned,13,serene,reliability,,,,,,,,,0.709909470374433,raw,,,True,True,topic split A (0-9) versus split B (10-19),aligned: serene
split_reliability,aligned,14,serene,reliability,,,,,,,,,0.7056138225421679,raw,,,True,True,topic split A (0-9) versus split B (10-19),aligned: serene
split_reliability,aligned,15,serene,reliability,,,,,,,,,0.7187312839640944,raw,,,True,True,topic split A (0-9) versus split B (10-19),aligned: serene
split_reliability,aligned,16,serene,reliability,,,,,,,,,0.7408066138371109,raw,,,True,True,topic split A (0-9) versus split B (10-19),aligned: serene
split_reliability,aligned,17,serene,reliability,,,,,,,,,0.7232235320262023,raw,,,True,True,topic split A (0-9) versus split B (10-19),aligned: serene
split_reliability,aligned,18,serene,reliability,,,,,,,,,0.7083907064556958,raw,,,True,True,topic split A (0-9) versus split B (10-19),aligned: serene
split_reliability,aligned,19,serene,reliability,,,,,,,,,0.7032599637175536,raw,,,True,True,topic split A (0-9) versus split B (10-19),aligned: serene
split_reliability,aligned,20,serene,reliability,,,,,,,,,0.7071242615800245,raw,,,True,True,topic split A (0-9) versus split B (10-19),aligned: serene
split_reliability,aligned,21,serene,reliability,,,,,,,,,0.7141996397669866,raw,,,True,True,topic split A (0-9) versus split B (10-19),aligned: serene
split_reliability,aligned,22,serene,reliability,,,,,,,,,0.6934864194069429,raw,,,True,True,topic split A (0-9) versus split B (10-19),aligned: serene
split_reliability,aligned,23,serene,reliability,,,,,,,,,0.6804922587668979,raw,,,True,True,topic split A (0-9) versus split B (10-19),aligned: serene
split_reliability,aligned,24,serene,reliability,,,,,,,,,0.6557320464104225,raw,,,True,True,topic split A (0-9) versus split B (10-19),aligned: serene
split_reliability,aligned,25,serene,reliability,,,,,,,,,0.6491766741426389,raw,,,True,True,topic split A (0-9) versus split B (10-19),aligned: serene
split_reliability,aligned,26,serene,reliability,,,,,,,,,0.6217414099108999,raw,,,True,True,topic split A (0-9) versus split B (10-19),aligned: serene
split_reliability,aligned,27,serene,reliability,,,,,,,,,0.6100591291086332,raw,,,True,True,topic split A (0-9) versus split B (10-19),aligned: serene
split_reliability,aligned,28,serene,reliability,,,,,,,,,0.628626112174196,raw,,,True,True,topic split A (0-9) versus split B (10-19),aligned: serene
split_reliability,aligned,29,serene,reliability,,,,,,,,,0.6296172806924829,raw,,,True,True,topic split A (0-9) versus split B (10-19),aligned: serene
split_reliability,aligned,30,serene,reliability,,,,,,,,,0.6540244576541976,raw,,,True,True,topic split A (0-9) versus split B (10-19),aligned: serene
split_reliability,aligned,31,serene,reliability,,,,,,,,,0.6950629058078108,raw,,,True,True,topic split A (0-9) versus split B (10-19),aligned: serene
split_reliability,aligned,32,serene,reliability,,,,,,,,,0.6984879655295047,raw,,,True,True,topic split A (0-9) versus split B (10-19),aligned: serene
split_reliability,aligned,33,serene,reliability,,,,,,,,,0.7076543974829724,raw,,,True,True,topic split A (0-9) versus split B (10-19),aligned: serene
split_reliability,aligned,34,serene,reliability,,,,,,,,,0.7192286227614303,raw,,,True,True,topic split A (0-9) versus split B (10-19),aligned: serene
split_reliability,aligned,35,serene,reliability,,,,,,,,,0.7207618984633163,raw,,,True,True,topic split A (0-9) versus split B (10-19),aligned: serene
split_reliability,aligned,36,serene,reliability,,,,,,,,,0.7188013007378751,raw,,,True,True,topic split A (0-9) versus split B (10-19),aligned: serene
split_reliability,aligned,37,serene,reliability,,,,,,,,,0.7345670661674728,raw,,,True,True,topic split A (0-9) versus split B (10-19),aligned: serene
split_reliability,aligned,38,serene,reliability,,,,,,,,,0.7390173399330628,raw,,,True,True,topic split A (0-9) versus split B (10-19),aligned: serene
split_reliability,aligned,39,serene,reliability,,,,,,,,,0.7379858540743818,raw,,,True,True,topic split A (0-9) versus split B (10-19),aligned: serene
split_reliability,aligned,40,serene,reliability,,,,,,,,,0.7623185051084287,raw,,,True,True,topic split A (0-9) versus split B (10-19),aligned: serene
split_reliability,aligned,41,serene,reliability,,,,,,,,,0.7664138738983223,raw,,,True,True,topic split A (0-9) versus split B (10-19),aligned: serene
split_reliability,aligned,42,serene,reliability,,,,,,,,,0.7708312368546426,raw,,,True,True,topic split A (0-9) versus split B (10-19),aligned: serene
split_reliability,aligned,43,serene,reliability,,,,,,,,,0.7732440849331041,raw,,,True,True,topic split A (0-9) versus split B (10-19),aligned: serene
split_reliability,aligned,44,serene,reliability,,,,,,,,,0.7705601925814797,raw,,,True,True,topic split A (0-9) versus split B (10-19),aligned: serene
split_reliability,aligned,45,serene,reliability,,,,,,,,,0.7451983635529675,raw,,,True,True,topic split A (0-9) versus split B (10-19),aligned: serene
split_reliability,aligned,46,serene,reliability,,,,,,,,,0.7365894232937135,raw,,,True,True,topic split A (0-9) versus split B (10-19),aligned: serene
split_reliability,aligned,47,serene,reliability,,,,,,,,,0.8096283050552334,raw,,,True,True,topic split A (0-9) versus split B (10-19),aligned: serene
split_reliability,misaligned,0,angry,reliability,,,,,,,,,0.548880908433028,raw,,,True,True,topic split A (0-9) versus split B (10-19),misaligned: angry
split_reliability,misaligned,1,angry,reliability,,,,,,,,,0.561627021709546,raw,,,True,True,topic split A (0-9) versus split B (10-19),misaligned: angry
split_reliability,misaligned,2,angry,reliability,,,,,,,,,0.5663696513854487,raw,,,True,True,topic split A (0-9) versus split B (10-19),misaligned: angry
split_reliability,misaligned,3,angry,reliability,,,,,,,,,0.5845420299175437,raw,,,True,True,topic split A (0-9) versus split B (10-19),misaligned: angry
split_reliability,misaligned,4,angry,reliability,,,,,,,,,0.5798317486900469,raw,,,True,True,topic split A (0-9) versus split B (10-19),misaligned: angry
split_reliability,misaligned,5,angry,reliability,,,,,,,,,0.5868320027907226,raw,,,True,True,topic split A (0-9) versus split B (10-19),misaligned: angry
split_reliability,misaligned,6,angry,reliability,,,,,,,,,0.6298509044264317,raw,,,True,True,topic split A (0-9) versus split B (10-19),misaligned: angry
split_reliability,misaligned,7,angry,reliability,,,,,,,,,0.6683266853940171,raw,,,True,True,topic split A (0-9) versus split B (10-19),misaligned: angry
split_reliability,misaligned,8,angry,reliability,,,,,,,,,0.6843051219999039,raw,,,True,True,topic split A (0-9) versus split B (10-19),misaligned: angry
split_reliability,misaligned,9,angry,reliability,,,,,,,,,0.6921155287251811,raw,,,True,True,topic split A (0-9) versus split B (10-19),misaligned: angry
split_reliability,misaligned,10,angry,reliability,,,,,,,,,0.7459547321070236,raw,,,True,True,topic split A (0-9) versus split B (10-19),misaligned: angry
split_reliability,misaligned,11,angry,reliability,,,,,,,,,0.723034550557593,raw,,,True,True,topic split A (0-9) versus split B (10-19),misaligned: angry
split_reliability,misaligned,12,angry,reliability,,,,,,,,,0.7155468811782515,raw,,,True,True,topic split A (0-9) versus split B (10-19),misaligned: angry
split_reliability,misaligned,13,angry,reliability,,,,,,,,,0.7549001851307502,raw,,,True,True,topic split A (0-9) versus split B (10-19),misaligned: angry
split_reliability,misaligned,14,angry,reliability,,,,,,,,,0.7471500672405565,raw,,,True,True,topic split A (0-9) versus split B (10-19),misaligned: angry
split_reliability,misaligned,15,angry,reliability,,,,,,,,,0.7535316266803677,raw,,,True,True,topic split A (0-9) versus split B (10-19),misaligned: angry
split_reliability,misaligned,16,angry,reliability,,,,,,,,,0.7732405573626268,raw,,,True,True,topic split A (0-9) versus split B (10-19),misaligned: angry
split_reliability,misaligned,17,angry,reliability,,,,,,,,,0.7644584768709527,raw,,,True,True,topic split A (0-9) versus split B (10-19),misaligned: angry
split_reliability,misaligned,18,angry,reliability,,,,,,,,,0.7605442875561131,raw,,,True,True,topic split A (0-9) versus split B (10-19),misaligned: angry
split_reliability,misaligned,19,angry,reliability,,,,,,,,,0.749428380297773,raw,,,True,True,topic split A (0-9) versus split B (10-19),misaligned: angry
split_reliability,misaligned,20,angry,reliability,,,,,,,,,0.7459758918004991,raw,,,True,True,topic split A (0-9) versus split B (10-19),misaligned: angry
split_reliability,misaligned,21,angry,reliability,,,,,,,,,0.7417208980832429,raw,,,True,True,topic split A (0-9) versus split B (10-19),misaligned: angry
split_reliability,misaligned,22,angry,reliability,,,,,,,,,0.739903553687288,raw,,,True,True,topic split A (0-9) versus split B (10-19),misaligned: angry
split_reliability,misaligned,23,angry,reliability,,,,,,,,,0.7444372992963023,raw,,,True,True,topic split A (0-9) versus split B (10-19),misaligned: angry
split_reliability,misaligned,24,angry,reliability,,,,,,,,,0.742862465110521,raw,,,True,True,topic split A (0-9) versus split B (10-19),misaligned: angry
split_reliability,misaligned,25,angry,reliability,,,,,,,,,0.7375324935282,raw,,,True,True,topic split A (0-9) versus split B (10-19),misaligned: angry
split_reliability,misaligned,26,angry,reliability,,,,,,,,,0.7274890347407396,raw,,,True,True,topic split A (0-9) versus split B (10-19),misaligned: angry
split_reliability,misaligned,27,angry,reliability,,,,,,,,,0.722213857509664,raw,,,True,True,topic split A (0-9) versus split B (10-19),misaligned: angry
split_reliability,misaligned,28,angry,reliability,,,,,,,,,0.7242141969495172,raw,,,True,True,topic split A (0-9) versus split B (10-19),misaligned: angry
split_reliability,misaligned,29,angry,reliability,,,,,,,,,0.6962097906768855,raw,,,True,True,topic split A (0-9) versus split B (10-19),misaligned: angry
split_reliability,misaligned,30,angry,reliability,,,,,,,,,0.7263447343733358,raw,,,True,True,topic split A (0-9) versus split B (10-19),misaligned: angry
split_reliability,misaligned,31,angry,reliability,,,,,,,,,0.7668166035318554,raw,,,True,True,topic split A (0-9) versus split B (10-19),misaligned: angry
split_reliability,misaligned,32,angry,reliability,,,,,,,,,0.7657119545517889,raw,,,True,True,topic split A (0-9) versus split B (10-19),misaligned: angry
split_reliability,misaligned,33,angry,reliability,,,,,,,,,0.7697451833193569,raw,,,True,True,topic split A (0-9) versus split B (10-19),misaligned: angry
split_reliability,misaligned,34,angry,reliability,,,,,,,,,0.7717423374626846,raw,,,True,True,topic split A (0-9) versus split B (10-19),misaligned: angry
split_reliability,misaligned,35,angry,reliability,,,,,,,,,0.775110453327612,raw,,,True,True,topic split A (0-9) versus split B (10-19),misaligned: angry
split_reliability,misaligned,36,angry,reliability,,,,,,,,,0.7697606578069951,raw,,,True,True,topic split A (0-9) versus split B (10-19),misaligned: angry
split_reliability,misaligned,37,angry,reliability,,,,,,,,,0.7726014179258979,raw,,,True,True,topic split A (0-9) versus split B (10-19),misaligned: angry
split_reliability,misaligned,38,angry,reliability,,,,,,,,,0.7797802400103137,raw,,,True,True,topic split A (0-9) versus split B (10-19),misaligned: angry
split_reliability,misaligned,39,angry,reliability,,,,,,,,,0.778895565849343,raw,,,True,True,topic split A (0-9) versus split B (10-19),misaligned: angry
split_reliability,misaligned,40,angry,reliability,,,,,,,,,0.7950538053149496,raw,,,True,True,topic split A (0-9) versus split B (10-19),misaligned: angry
split_reliability,misaligned,41,angry,reliability,,,,,,,,,0.796242535190015,raw,,,True,True,topic split A (0-9) versus split B (10-19),misaligned: angry
split_reliability,misaligned,42,angry,reliability,,,,,,,,,0.7880096173926966,raw,,,True,True,topic split A (0-9) versus split B (10-19),misaligned: angry
split_reliability,misaligned,43,angry,reliability,,,,,,,,,0.7920492369867839,raw,,,True,True,topic split A (0-9) versus split B (10-19),misaligned: angry
split_reliability,misaligned,44,angry,reliability,,,,,,,,,0.7928201500236634,raw,,,True,True,topic split A (0-9) versus split B (10-19),misaligned: angry
split_reliability,misaligned,45,angry,reliability,,,,,,,,,0.7844059414723888,raw,,,True,True,topic split A (0-9) versus split B (10-19),misaligned: angry
split_reliability,misaligned,46,angry,reliability,,,,,,,,,0.7932584249427087,raw,,,True,True,topic split A (0-9) versus split B (10-19),misaligned: angry
split_reliability,misaligned,47,angry,reliability,,,,,,,,,0.8492874930922745,raw,,,True,True,topic split A (0-9) versus split B (10-19),misaligned: angry
split_reliability,misaligned,0,anxious,reliability,,,,,,,,,0.4040210425575178,raw,,,True,True,topic split A (0-9) versus split B (10-19),misaligned: anxious
split_reliability,misaligned,1,anxious,reliability,,,,,,,,,0.36896696556458164,raw,,,True,True,topic split A (0-9) versus split B (10-19),misaligned: anxious
split_reliability,misaligned,2,anxious,reliability,,,,,,,,,0.3580748660482979,raw,,,True,True,topic split A (0-9) versus split B (10-19),misaligned: anxious
split_reliability,misaligned,3,anxious,reliability,,,,,,,,,0.37035515262405994,raw,,,True,True,topic split A (0-9) versus split B (10-19),misaligned: anxious
split_reliability,misaligned,4,anxious,reliability,,,,,,,,,0.37586838612872325,raw,,,True,True,topic split A (0-9) versus split B (10-19),misaligned: anxious
split_reliability,misaligned,5,anxious,reliability,,,,,,,,,0.3843955496965984,raw,,,True,True,topic split A (0-9) versus split B (10-19),misaligned: anxious
split_reliability,misaligned,6,anxious,reliability,,,,,,,,,0.4111859998422874,raw,,,True,True,topic split A (0-9) versus split B (10-19),misaligned: anxious
split_reliability,misaligned,7,anxious,reliability,,,,,,,,,0.4103478419630547,raw,,,True,True,topic split A (0-9) versus split B (10-19),misaligned: anxious
split_reliability,misaligned,8,anxious,reliability,,,,,,,,,0.4100577525463727,raw,,,True,True,topic split A (0-9) versus split B (10-19),misaligned: anxious
split_reliability,misaligned,9,anxious,reliability,,,,,,,,,0.4877230012270551,raw,,,True,True,topic split A (0-9) versus split B (10-19),misaligned: anxious
split_reliability,misaligned,10,anxious,reliability,,,,,,,,,0.5131573391838743,raw,,,True,True,topic split A (0-9) versus split B (10-19),misaligned: anxious
split_reliability,misaligned,11,anxious,reliability,,,,,,,,,0.519763168167986,raw,,,True,True,topic split A (0-9) versus split B (10-19),misaligned: anxious
split_reliability,misaligned,12,anxious,reliability,,,,,,,,,0.5145257564709417,raw,,,True,True,topic split A (0-9) versus split B (10-19),misaligned: anxious
split_reliability,misaligned,13,anxious,reliability,,,,,,,,,0.5497409025119048,raw,,,True,True,topic split A (0-9) versus split B (10-19),misaligned: anxious
split_reliability,misaligned,14,anxious,reliability,,,,,,,,,0.5744646182258073,raw,,,True,True,topic split A (0-9) versus split B (10-19),misaligned: anxious
split_reliability,misaligned,15,anxious,reliability,,,,,,,,,0.6159126064877406,raw,,,True,True,topic split A (0-9) versus split B (10-19),misaligned: anxious
split_reliability,misaligned,16,anxious,reliability,,,,,,,,,0.6328788757772181,raw,,,True,True,topic split A (0-9) versus split B (10-19),misaligned: anxious
split_reliability,misaligned,17,anxious,reliability,,,,,,,,,0.6461113273251403,raw,,,True,True,topic split A (0-9) versus split B (10-19),misaligned: anxious
split_reliability,misaligned,18,anxious,reliability,,,,,,,,,0.6473974800872909,raw,,,True,True,topic split A (0-9) versus split B (10-19),misaligned: anxious
split_reliability,misaligned,19,anxious,reliability,,,,,,,,,0.6336616644908241,raw,,,True,True,topic split A (0-9) versus split B (10-19),misaligned: anxious
split_reliability,misaligned,20,anxious,reliability,,,,,,,,,0.6438467237264734,raw,,,True,True,topic split A (0-9) versus split B (10-19),misaligned: anxious
split_reliability,misaligned,21,anxious,reliability,,,,,,,,,0.6251421588759617,raw,,,True,True,topic split A (0-9) versus split B (10-19),misaligned: anxious
split_reliability,misaligned,22,anxious,reliability,,,,,,,,,0.596516040194432,raw,,,True,True,topic split A (0-9) versus split B (10-19),misaligned: anxious
split_reliability,misaligned,23,anxious,reliability,,,,,,,,,0.5753003930747908,raw,,,True,True,topic split A (0-9) versus split B (10-19),misaligned: anxious
split_reliability,misaligned,24,anxious,reliability,,,,,,,,,0.5667729847019429,raw,,,True,True,topic split A (0-9) versus split B (10-19),misaligned: anxious
split_reliability,misaligned,25,anxious,reliability,,,,,,,,,0.5697072394324624,raw,,,True,True,topic split A (0-9) versus split B (10-19),misaligned: anxious
split_reliability,misaligned,26,anxious,reliability,,,,,,,,,0.5690921153880941,raw,,,True,True,topic split A (0-9) versus split B (10-19),misaligned: anxious
split_reliability,misaligned,27,anxious,reliability,,,,,,,,,0.5661727259785704,raw,,,True,True,topic split A (0-9) versus split B (10-19),misaligned: anxious
split_reliability,misaligned,28,anxious,reliability,,,,,,,,,0.5583216633395266,raw,,,True,True,topic split A (0-9) versus split B (10-19),misaligned: anxious
split_reliability,misaligned,29,anxious,reliability,,,,,,,,,0.580081413633952,raw,,,True,True,topic split A (0-9) versus split B (10-19),misaligned: anxious
split_reliability,misaligned,30,anxious,reliability,,,,,,,,,0.621444945775222,raw,,,True,True,topic split A (0-9) versus split B (10-19),misaligned: anxious
split_reliability,misaligned,31,anxious,reliability,,,,,,,,,0.6588080373952577,raw,,,True,True,topic split A (0-9) versus split B (10-19),misaligned: anxious
split_reliability,misaligned,32,anxious,reliability,,,,,,,,,0.6616904610840132,raw,,,True,True,topic split A (0-9) versus split B (10-19),misaligned: anxious
split_reliability,misaligned,33,anxious,reliability,,,,,,,,,0.6697964272850263,raw,,,True,True,topic split A (0-9) versus split B (10-19),misaligned: anxious
split_reliability,misaligned,34,anxious,reliability,,,,,,,,,0.6749644140006991,raw,,,True,True,topic split A (0-9) versus split B (10-19),misaligned: anxious
split_reliability,misaligned,35,anxious,reliability,,,,,,,,,0.6767437294461823,raw,,,True,True,topic split A (0-9) versus split B (10-19),misaligned: anxious
split_reliability,misaligned,36,anxious,reliability,,,,,,,,,0.6900921018081262,raw,,,True,True,topic split A (0-9) versus split B (10-19),misaligned: anxious
split_reliability,misaligned,37,anxious,reliability,,,,,,,,,0.694233919812468,raw,,,True,True,topic split A (0-9) versus split B (10-19),misaligned: anxious
split_reliability,misaligned,38,anxious,reliability,,,,,,,,,0.6824040870258076,raw,,,True,True,topic split A (0-9) versus split B (10-19),misaligned: anxious
split_reliability,misaligned,39,anxious,reliability,,,,,,,,,0.6888552159763968,raw,,,True,True,topic split A (0-9) versus split B (10-19),misaligned: anxious
split_reliability,misaligned,40,anxious,reliability,,,,,,,,,0.7027209637023285,raw,,,True,True,topic split A (0-9) versus split B (10-19),misaligned: anxious
split_reliability,misaligned,41,anxious,reliability,,,,,,,,,0.7035211368836465,raw,,,True,True,topic split A (0-9) versus split B (10-19),misaligned: anxious
split_reliability,misaligned,42,anxious,reliability,,,,,,,,,0.7005979173126663,raw,,,True,True,topic split A (0-9) versus split B (10-19),misaligned: anxious
split_reliability,misaligned,43,anxious,reliability,,,,,,,,,0.7043103766366405,raw,,,True,True,topic split A (0-9) versus split B (10-19),misaligned: anxious
split_reliability,misaligned,44,anxious,reliability,,,,,,,,,0.6963852167196152,raw,,,True,True,topic split A (0-9) versus split B (10-19),misaligned: anxious
split_reliability,misaligned,45,anxious,reliability,,,,,,,,,0.6874329915736632,raw,,,True,True,topic split A (0-9) versus split B (10-19),misaligned: anxious
split_reliability,misaligned,46,anxious,reliability,,,,,,,,,0.6971493819071406,raw,,,True,True,topic split A (0-9) versus split B (10-19),misaligned: anxious
split_reliability,misaligned,47,anxious,reliability,,,,,,,,,0.7455972463269769,raw,,,True,True,topic split A (0-9) versus split B (10-19),misaligned: anxious
split_reliability,misaligned,0,calm,reliability,,,,,,,,,0.5573691855996191,raw,,,True,True,topic split A (0-9) versus split B (10-19),misaligned: calm
split_reliability,misaligned,1,calm,reliability,,,,,,,,,0.533535227253895,raw,,,True,True,topic split A (0-9) versus split B (10-19),misaligned: calm
split_reliability,misaligned,2,calm,reliability,,,,,,,,,0.5278905357053837,raw,,,True,True,topic split A (0-9) versus split B (10-19),misaligned: calm
split_reliability,misaligned,3,calm,reliability,,,,,,,,,0.542538825398971,raw,,,True,True,topic split A (0-9) versus split B (10-19),misaligned: calm
split_reliability,misaligned,4,calm,reliability,,,,,,,,,0.5680425399528886,raw,,,True,True,topic split A (0-9) versus split B (10-19),misaligned: calm
split_reliability,misaligned,5,calm,reliability,,,,,,,,,0.5785691665633764,raw,,,True,True,topic split A (0-9) versus split B (10-19),misaligned: calm
split_reliability,misaligned,6,calm,reliability,,,,,,,,,0.5880383302983188,raw,,,True,True,topic split A (0-9) versus split B (10-19),misaligned: calm
split_reliability,misaligned,7,calm,reliability,,,,,,,,,0.5982400227479487,raw,,,True,True,topic split A (0-9) versus split B (10-19),misaligned: calm
split_reliability,misaligned,8,calm,reliability,,,,,,,,,0.6056239604613354,raw,,,True,True,topic split A (0-9) versus split B (10-19),misaligned: calm
split_reliability,misaligned,9,calm,reliability,,,,,,,,,0.6630936641041626,raw,,,True,True,topic split A (0-9) versus split B (10-19),misaligned: calm
split_reliability,misaligned,10,calm,reliability,,,,,,,,,0.7014968339995382,raw,,,True,True,topic split A (0-9) versus split B (10-19),misaligned: calm
split_reliability,misaligned,11,calm,reliability,,,,,,,,,0.7055907885815733,raw,,,True,True,topic split A (0-9) versus split B (10-19),misaligned: calm
split_reliability,misaligned,12,calm,reliability,,,,,,,,,0.6967758114254264,raw,,,True,True,topic split A (0-9) versus split B (10-19),misaligned: calm
split_reliability,misaligned,13,calm,reliability,,,,,,,,,0.711847495586397,raw,,,True,True,topic split A (0-9) versus split B (10-19),misaligned: calm
split_reliability,misaligned,14,calm,reliability,,,,,,,,,0.7087049200141985,raw,,,True,True,topic split A (0-9) versus split B (10-19),misaligned: calm
split_reliability,misaligned,15,calm,reliability,,,,,,,,,0.7117662148649311,raw,,,True,True,topic split A (0-9) versus split B (10-19),misaligned: calm
split_reliability,misaligned,16,calm,reliability,,,,,,,,,0.7306285990948286,raw,,,True,True,topic split A (0-9) versus split B (10-19),misaligned: calm
split_reliability,misaligned,17,calm,reliability,,,,,,,,,0.7389789881402741,raw,,,True,True,topic split A (0-9) versus split B (10-19),misaligned: calm
split_reliability,misaligned,18,calm,reliability,,,,,,,,,0.7410329835593488,raw,,,True,True,topic split A (0-9) versus split B (10-19),misaligned: calm
split_reliability,misaligned,19,calm,reliability,,,,,,,,,0.7496789112070432,raw,,,True,True,topic split A (0-9) versus split B (10-19),misaligned: calm
split_reliability,misaligned,20,calm,reliability,,,,,,,,,0.7546675058045751,raw,,,True,True,topic split A (0-9) versus split B (10-19),misaligned: calm
split_reliability,misaligned,21,calm,reliability,,,,,,,,,0.7541676984964183,raw,,,True,True,topic split A (0-9) versus split B (10-19),misaligned: calm
split_reliability,misaligned,22,calm,reliability,,,,,,,,,0.7589486029893767,raw,,,True,True,topic split A (0-9) versus split B (10-19),misaligned: calm
split_reliability,misaligned,23,calm,reliability,,,,,,,,,0.7506145464006994,raw,,,True,True,topic split A (0-9) versus split B (10-19),misaligned: calm
split_reliability,misaligned,24,calm,reliability,,,,,,,,,0.7465032182952297,raw,,,True,True,topic split A (0-9) versus split B (10-19),misaligned: calm
split_reliability,misaligned,25,calm,reliability,,,,,,,,,0.7431352918212422,raw,,,True,True,topic split A (0-9) versus split B (10-19),misaligned: calm
split_reliability,misaligned,26,calm,reliability,,,,,,,,,0.7439871904934683,raw,,,True,True,topic split A (0-9) versus split B (10-19),misaligned: calm
split_reliability,misaligned,27,calm,reliability,,,,,,,,,0.7494124974209344,raw,,,True,True,topic split A (0-9) versus split B (10-19),misaligned: calm
split_reliability,misaligned,28,calm,reliability,,,,,,,,,0.7605706227924593,raw,,,True,True,topic split A (0-9) versus split B (10-19),misaligned: calm
split_reliability,misaligned,29,calm,reliability,,,,,,,,,0.7628664898908935,raw,,,True,True,topic split A (0-9) versus split B (10-19),misaligned: calm
split_reliability,misaligned,30,calm,reliability,,,,,,,,,0.7756684640351634,raw,,,True,True,topic split A (0-9) versus split B (10-19),misaligned: calm
split_reliability,misaligned,31,calm,reliability,,,,,,,,,0.7893205966782482,raw,,,True,True,topic split A (0-9) versus split B (10-19),misaligned: calm
split_reliability,misaligned,32,calm,reliability,,,,,,,,,0.7851031593649122,raw,,,True,True,topic split A (0-9) versus split B (10-19),misaligned: calm
split_reliability,misaligned,33,calm,reliability,,,,,,,,,0.7740554417076502,raw,,,True,True,topic split A (0-9) versus split B (10-19),misaligned: calm
split_reliability,misaligned,34,calm,reliability,,,,,,,,,0.7717054972789104,raw,,,True,True,topic split A (0-9) versus split B (10-19),misaligned: calm
split_reliability,misaligned,35,calm,reliability,,,,,,,,,0.7670256783498752,raw,,,True,True,topic split A (0-9) versus split B (10-19),misaligned: calm
split_reliability,misaligned,36,calm,reliability,,,,,,,,,0.7735988547663121,raw,,,True,True,topic split A (0-9) versus split B (10-19),misaligned: calm
split_reliability,misaligned,37,calm,reliability,,,,,,,,,0.7800094716331852,raw,,,True,True,topic split A (0-9) versus split B (10-19),misaligned: calm
split_reliability,misaligned,38,calm,reliability,,,,,,,,,0.7842044181886296,raw,,,True,True,topic split A (0-9) versus split B (10-19),misaligned: calm
split_reliability,misaligned,39,calm,reliability,,,,,,,,,0.7798413561817799,raw,,,True,True,topic split A (0-9) versus split B (10-19),misaligned: calm
split_reliability,misaligned,40,calm,reliability,,,,,,,,,0.7827570247343224,raw,,,True,True,topic split A (0-9) versus split B (10-19),misaligned: calm
split_reliability,misaligned,41,calm,reliability,,,,,,,,,0.7802725046353486,raw,,,True,True,topic split A (0-9) versus split B (10-19),misaligned: calm
split_reliability,misaligned,42,calm,reliability,,,,,,,,,0.7807056454188949,raw,,,True,True,topic split A (0-9) versus split B (10-19),misaligned: calm
split_reliability,misaligned,43,calm,reliability,,,,,,,,,0.7810528331712553,raw,,,True,True,topic split A (0-9) versus split B (10-19),misaligned: calm
split_reliability,misaligned,44,calm,reliability,,,,,,,,,0.7813587932585089,raw,,,True,True,topic split A (0-9) versus split B (10-19),misaligned: calm
split_reliability,misaligned,45,calm,reliability,,,,,,,,,0.7711936925176869,raw,,,True,True,topic split A (0-9) versus split B (10-19),misaligned: calm
split_reliability,misaligned,46,calm,reliability,,,,,,,,,0.7783409705583315,raw,,,True,True,topic split A (0-9) versus split B (10-19),misaligned: calm
split_reliability,misaligned,47,calm,reliability,,,,,,,,,0.8121574728690776,raw,,,True,True,topic split A (0-9) versus split B (10-19),misaligned: calm
split_reliability,misaligned,0,content,reliability,,,,,,,,,0.44915998560511655,raw,,,True,True,topic split A (0-9) versus split B (10-19),misaligned: content
split_reliability,misaligned,1,content,reliability,,,,,,,,,0.401191587599396,raw,,,True,True,topic split A (0-9) versus split B (10-19),misaligned: content
split_reliability,misaligned,2,content,reliability,,,,,,,,,0.3773693914832548,raw,,,True,True,topic split A (0-9) versus split B (10-19),misaligned: content
split_reliability,misaligned,3,content,reliability,,,,,,,,,0.4003700131388939,raw,,,True,True,topic split A (0-9) versus split B (10-19),misaligned: content
split_reliability,misaligned,4,content,reliability,,,,,,,,,0.4550123288891193,raw,,,True,True,topic split A (0-9) versus split B (10-19),misaligned: content
split_reliability,misaligned,5,content,reliability,,,,,,,,,0.4827887462018358,raw,,,True,True,topic split A (0-9) versus split B (10-19),misaligned: content
split_reliability,misaligned,6,content,reliability,,,,,,,,,0.5423368477517829,raw,,,True,True,topic split A (0-9) versus split B (10-19),misaligned: content
split_reliability,misaligned,7,content,reliability,,,,,,,,,0.5843893397890244,raw,,,True,True,topic split A (0-9) versus split B (10-19),misaligned: content
split_reliability,misaligned,8,content,reliability,,,,,,,,,0.6183036709455421,raw,,,True,True,topic split A (0-9) versus split B (10-19),misaligned: content
split_reliability,misaligned,9,content,reliability,,,,,,,,,0.6336369891706358,raw,,,True,True,topic split A (0-9) versus split B (10-19),misaligned: content
split_reliability,misaligned,10,content,reliability,,,,,,,,,0.6902798952587432,raw,,,True,True,topic split A (0-9) versus split B (10-19),misaligned: content
split_reliability,misaligned,11,content,reliability,,,,,,,,,0.6789601203652955,raw,,,True,True,topic split A (0-9) versus split B (10-19),misaligned: content
split_reliability,misaligned,12,content,reliability,,,,,,,,,0.6844142960426639,raw,,,True,True,topic split A (0-9) versus split B (10-19),misaligned: content
split_reliability,misaligned,13,content,reliability,,,,,,,,,0.7065418890015189,raw,,,True,True,topic split A (0-9) versus split B (10-19),misaligned: content
split_reliability,misaligned,14,content,reliability,,,,,,,,,0.7105379444421999,raw,,,True,True,topic split A (0-9) versus split B (10-19),misaligned: content
split_reliability,misaligned,15,content,reliability,,,,,,,,,0.6963141651245662,raw,,,True,True,topic split A (0-9) versus split B (10-19),misaligned: content
split_reliability,misaligned,16,content,reliability,,,,,,,,,0.7063911513264866,raw,,,True,True,topic split A (0-9) versus split B (10-19),misaligned: content
split_reliability,misaligned,17,content,reliability,,,,,,,,,0.702512752904842,raw,,,True,True,topic split A (0-9) versus split B (10-19),misaligned: content
split_reliability,misaligned,18,content,reliability,,,,,,,,,0.6968130708438468,raw,,,True,True,topic split A (0-9) versus split B (10-19),misaligned: content
split_reliability,misaligned,19,content,reliability,,,,,,,,,0.6909576218326894,raw,,,True,True,topic split A (0-9) versus split B (10-19),misaligned: content
split_reliability,misaligned,20,content,reliability,,,,,,,,,0.6884408375063809,raw,,,True,True,topic split A (0-9) versus split B (10-19),misaligned: content
split_reliability,misaligned,21,content,reliability,,,,,,,,,0.665821172351461,raw,,,True,True,topic split A (0-9) versus split B (10-19),misaligned: content
split_reliability,misaligned,22,content,reliability,,,,,,,,,0.6611205872987894,raw,,,True,True,topic split A (0-9) versus split B (10-19),misaligned: content
split_reliability,misaligned,23,content,reliability,,,,,,,,,0.6512021364153768,raw,,,True,True,topic split A (0-9) versus split B (10-19),misaligned: content
split_reliability,misaligned,24,content,reliability,,,,,,,,,0.6465155468999547,raw,,,True,True,topic split A (0-9) versus split B (10-19),misaligned: content
split_reliability,misaligned,25,content,reliability,,,,,,,,,0.6525973462741742,raw,,,True,True,topic split A (0-9) versus split B (10-19),misaligned: content
split_reliability,misaligned,26,content,reliability,,,,,,,,,0.6395896722518029,raw,,,True,True,topic split A (0-9) versus split B (10-19),misaligned: content
split_reliability,misaligned,27,content,reliability,,,,,,,,,0.6473390367882181,raw,,,True,True,topic split A (0-9) versus split B (10-19),misaligned: content
split_reliability,misaligned,28,content,reliability,,,,,,,,,0.6639297990830143,raw,,,True,True,topic split A (0-9) versus split B (10-19),misaligned: content
split_reliability,misaligned,29,content,reliability,,,,,,,,,0.6748906719694703,raw,,,True,True,topic split A (0-9) versus split B (10-19),misaligned: content
split_reliability,misaligned,30,content,reliability,,,,,,,,,0.7068591148495291,raw,,,True,True,topic split A (0-9) versus split B (10-19),misaligned: content
split_reliability,misaligned,31,content,reliability,,,,,,,,,0.722491987481681,raw,,,True,True,topic split A (0-9) versus split B (10-19),misaligned: content
split_reliability,misaligned,32,content,reliability,,,,,,,,,0.7153291489752236,raw,,,True,True,topic split A (0-9) versus split B (10-19),misaligned: content
split_reliability,misaligned,33,content,reliability,,,,,,,,,0.7124505198764659,raw,,,True,True,topic split A (0-9) versus split B (10-19),misaligned: content
split_reliability,misaligned,34,content,reliability,,,,,,,,,0.7135725103586237,raw,,,True,True,topic split A (0-9) versus split B (10-19),misaligned: content
split_reliability,misaligned,35,content,reliability,,,,,,,,,0.7138142688061558,raw,,,True,True,topic split A (0-9) versus split B (10-19),misaligned: content
split_reliability,misaligned,36,content,reliability,,,,,,,,,0.7287687380665221,raw,,,True,True,topic split A (0-9) versus split B (10-19),misaligned: content
split_reliability,misaligned,37,content,reliability,,,,,,,,,0.7426219134604665,raw,,,True,True,topic split A (0-9) versus split B (10-19),misaligned: content
split_reliability,misaligned,38,content,reliability,,,,,,,,,0.7442340844463988,raw,,,True,True,topic split A (0-9) versus split B (10-19),misaligned: content
split_reliability,misaligned,39,content,reliability,,,,,,,,,0.7486048788955534,raw,,,True,True,topic split A (0-9) versus split B (10-19),misaligned: content
split_reliability,misaligned,40,content,reliability,,,,,,,,,0.7605424589151433,raw,,,True,True,topic split A (0-9) versus split B (10-19),misaligned: content
split_reliability,misaligned,41,content,reliability,,,,,,,,,0.7631891056828777,raw,,,True,True,topic split A (0-9) versus split B (10-19),misaligned: content
split_reliability,misaligned,42,content,reliability,,,,,,,,,0.7665388719249625,raw,,,True,True,topic split A (0-9) versus split B (10-19),misaligned: content
split_reliability,misaligned,43,content,reliability,,,,,,,,,0.7639635627084804,raw,,,True,True,topic split A (0-9) versus split B (10-19),misaligned: content
split_reliability,misaligned,44,content,reliability,,,,,,,,,0.760188357729313,raw,,,True,True,topic split A (0-9) versus split B (10-19),misaligned: content
split_reliability,misaligned,45,content,reliability,,,,,,,,,0.7499670163976674,raw,,,True,True,topic split A (0-9) versus split B (10-19),misaligned: content
split_reliability,misaligned,46,content,reliability,,,,,,,,,0.7313807834757516,raw,,,True,True,topic split A (0-9) versus split B (10-19),misaligned: content
split_reliability,misaligned,47,content,reliability,,,,,,,,,0.7687132427346959,raw,,,True,True,topic split A (0-9) versus split B (10-19),misaligned: content
split_reliability,misaligned,0,enthusiastic,reliability,,,,,,,,,0.3109108981383157,raw,,,True,True,topic split A (0-9) versus split B (10-19),misaligned: enthusiastic
split_reliability,misaligned,1,enthusiastic,reliability,,,,,,,,,0.25033152994093244,raw,,,True,True,topic split A (0-9) versus split B (10-19),misaligned: enthusiastic
split_reliability,misaligned,2,enthusiastic,reliability,,,,,,,,,0.25434681484014476,raw,,,True,True,topic split A (0-9) versus split B (10-19),misaligned: enthusiastic
split_reliability,misaligned,3,enthusiastic,reliability,,,,,,,,,0.25494706451840154,raw,,,True,True,topic split A (0-9) versus split B (10-19),misaligned: enthusiastic
split_reliability,misaligned,4,enthusiastic,reliability,,,,,,,,,0.27610524824344673,raw,,,True,True,topic split A (0-9) versus split B (10-19),misaligned: enthusiastic
split_reliability,misaligned,5,enthusiastic,reliability,,,,,,,,,0.2868517742307824,raw,,,True,True,topic split A (0-9) versus split B (10-19),misaligned: enthusiastic
split_reliability,misaligned,6,enthusiastic,reliability,,,,,,,,,0.3524409463813331,raw,,,True,True,topic split A (0-9) versus split B (10-19),misaligned: enthusiastic
split_reliability,misaligned,7,enthusiastic,reliability,,,,,,,,,0.4112681116972335,raw,,,True,True,topic split A (0-9) versus split B (10-19),misaligned: enthusiastic
split_reliability,misaligned,8,enthusiastic,reliability,,,,,,,,,0.4345302862180198,raw,,,True,True,topic split A (0-9) versus split B (10-19),misaligned: enthusiastic
split_reliability,misaligned,9,enthusiastic,reliability,,,,,,,,,0.49134566662768914,raw,,,True,True,topic split A (0-9) versus split B (10-19),misaligned: enthusiastic
split_reliability,misaligned,10,enthusiastic,reliability,,,,,,,,,0.5686248130161371,raw,,,True,True,topic split A (0-9) versus split B (10-19),misaligned: enthusiastic
split_reliability,misaligned,11,enthusiastic,reliability,,,,,,,,,0.5424535957261039,raw,,,True,True,topic split A (0-9) versus split B (10-19),misaligned: enthusiastic
split_reliability,misaligned,12,enthusiastic,reliability,,,,,,,,,0.5498077452180303,raw,,,True,True,topic split A (0-9) versus split B (10-19),misaligned: enthusiastic
split_reliability,misaligned,13,enthusiastic,reliability,,,,,,,,,0.5861471819482953,raw,,,True,True,topic split A (0-9) versus split B (10-19),misaligned: enthusiastic
split_reliability,misaligned,14,enthusiastic,reliability,,,,,,,,,0.5851775130718163,raw,,,True,True,topic split A (0-9) versus split B (10-19),misaligned: enthusiastic
split_reliability,misaligned,15,enthusiastic,reliability,,,,,,,,,0.6181187852799889,raw,,,True,True,topic split A (0-9) versus split B (10-19),misaligned: enthusiastic
split_reliability,misaligned,16,enthusiastic,reliability,,,,,,,,,0.653461329828661,raw,,,True,True,topic split A (0-9) versus split B (10-19),misaligned: enthusiastic
split_reliability,misaligned,17,enthusiastic,reliability,,,,,,,,,0.6550029079324777,raw,,,True,True,topic split A (0-9) versus split B (10-19),misaligned: enthusiastic
split_reliability,misaligned,18,enthusiastic,reliability,,,,,,,,,0.6574657561421209,raw,,,True,True,topic split A (0-9) versus split B (10-19),misaligned: enthusiastic
split_reliability,misaligned,19,enthusiastic,reliability,,,,,,,,,0.6631279540818444,raw,,,True,True,topic split A (0-9) versus split B (10-19),misaligned: enthusiastic
split_reliability,misaligned,20,enthusiastic,reliability,,,,,,,,,0.6673415636339937,raw,,,True,True,topic split A (0-9) versus split B (10-19),misaligned: enthusiastic
split_reliability,misaligned,21,enthusiastic,reliability,,,,,,,,,0.6714915074643957,raw,,,True,True,topic split A (0-9) versus split B (10-19),misaligned: enthusiastic
split_reliability,misaligned,22,enthusiastic,reliability,,,,,,,,,0.6795655941974841,raw,,,True,True,topic split A (0-9) versus split B (10-19),misaligned: enthusiastic
split_reliability,misaligned,23,enthusiastic,reliability,,,,,,,,,0.6882334535285102,raw,,,True,True,topic split A (0-9) versus split B (10-19),misaligned: enthusiastic
split_reliability,misaligned,24,enthusiastic,reliability,,,,,,,,,0.6897006219137309,raw,,,True,True,topic split A (0-9) versus split B (10-19),misaligned: enthusiastic
split_reliability,misaligned,25,enthusiastic,reliability,,,,,,,,,0.6887968398246037,raw,,,True,True,topic split A (0-9) versus split B (10-19),misaligned: enthusiastic
split_reliability,misaligned,26,enthusiastic,reliability,,,,,,,,,0.6860443571212602,raw,,,True,True,topic split A (0-9) versus split B (10-19),misaligned: enthusiastic
split_reliability,misaligned,27,enthusiastic,reliability,,,,,,,,,0.6833890691183399,raw,,,True,True,topic split A (0-9) versus split B (10-19),misaligned: enthusiastic
split_reliability,misaligned,28,enthusiastic,reliability,,,,,,,,,0.6417583273498513,raw,,,True,True,topic split A (0-9) versus split B (10-19),misaligned: enthusiastic
split_reliability,misaligned,29,enthusiastic,reliability,,,,,,,,,0.619187393956757,raw,,,True,True,topic split A (0-9) versus split B (10-19),misaligned: enthusiastic
split_reliability,misaligned,30,enthusiastic,reliability,,,,,,,,,0.6231938755677,raw,,,True,True,topic split A (0-9) versus split B (10-19),misaligned: enthusiastic
split_reliability,misaligned,31,enthusiastic,reliability,,,,,,,,,0.6521620040100068,raw,,,True,True,topic split A (0-9) versus split B (10-19),misaligned: enthusiastic
split_reliability,misaligned,32,enthusiastic,reliability,,,,,,,,,0.6425848978565168,raw,,,True,True,topic split A (0-9) versus split B (10-19),misaligned: enthusiastic
split_reliability,misaligned,33,enthusiastic,reliability,,,,,,,,,0.637952018398088,raw,,,True,True,topic split A (0-9) versus split B (10-19),misaligned: enthusiastic
split_reliability,misaligned,34,enthusiastic,reliability,,,,,,,,,0.6431348503403085,raw,,,True,True,topic split A (0-9) versus split B (10-19),misaligned: enthusiastic
split_reliability,misaligned,35,enthusiastic,reliability,,,,,,,,,0.6376878336806038,raw,,,True,True,topic split A (0-9) versus split B (10-19),misaligned: enthusiastic
split_reliability,misaligned,36,enthusiastic,reliability,,,,,,,,,0.6043145432157847,raw,,,True,True,topic split A (0-9) versus split B (10-19),misaligned: enthusiastic
split_reliability,misaligned,37,enthusiastic,reliability,,,,,,,,,0.6010240065695936,raw,,,True,True,topic split A (0-9) versus split B (10-19),misaligned: enthusiastic
split_reliability,misaligned,38,enthusiastic,reliability,,,,,,,,,0.6120093397051488,raw,,,True,True,topic split A (0-9) versus split B (10-19),misaligned: enthusiastic
split_reliability,misaligned,39,enthusiastic,reliability,,,,,,,,,0.6107521869966788,raw,,,True,True,topic split A (0-9) versus split B (10-19),misaligned: enthusiastic
split_reliability,misaligned,40,enthusiastic,reliability,,,,,,,,,0.6300777751133244,raw,,,True,True,topic split A (0-9) versus split B (10-19),misaligned: enthusiastic
split_reliability,misaligned,41,enthusiastic,reliability,,,,,,,,,0.6400676470706887,raw,,,True,True,topic split A (0-9) versus split B (10-19),misaligned: enthusiastic
split_reliability,misaligned,42,enthusiastic,reliability,,,,,,,,,0.6395496280106888,raw,,,True,True,topic split A (0-9) versus split B (10-19),misaligned: enthusiastic
split_reliability,misaligned,43,enthusiastic,reliability,,,,,,,,,0.6462768933608948,raw,,,True,True,topic split A (0-9) versus split B (10-19),misaligned: enthusiastic
split_reliability,misaligned,44,enthusiastic,reliability,,,,,,,,,0.654135722200558,raw,,,True,True,topic split A (0-9) versus split B (10-19),misaligned: enthusiastic
split_reliability,misaligned,45,enthusiastic,reliability,,,,,,,,,0.6476935154723694,raw,,,True,True,topic split A (0-9) versus split B (10-19),misaligned: enthusiastic
split_reliability,misaligned,46,enthusiastic,reliability,,,,,,,,,0.6214331200554908,raw,,,True,True,topic split A (0-9) versus split B (10-19),misaligned: enthusiastic
split_reliability,misaligned,47,enthusiastic,reliability,,,,,,,,,0.6571941110951215,raw,,,True,True,topic split A (0-9) versus split B (10-19),misaligned: enthusiastic
split_reliability,misaligned,0,excited,reliability,,,,,,,,,0.4416790473385169,raw,,,True,True,topic split A (0-9) versus split B (10-19),misaligned: excited
split_reliability,misaligned,1,excited,reliability,,,,,,,,,0.4628737837956965,raw,,,True,True,topic split A (0-9) versus split B (10-19),misaligned: excited
split_reliability,misaligned,2,excited,reliability,,,,,,,,,0.49596686992152017,raw,,,True,True,topic split A (0-9) versus split B (10-19),misaligned: excited
split_reliability,misaligned,3,excited,reliability,,,,,,,,,0.4875806279672996,raw,,,True,True,topic split A (0-9) versus split B (10-19),misaligned: excited
split_reliability,misaligned,4,excited,reliability,,,,,,,,,0.4658143955896767,raw,,,True,True,topic split A (0-9) versus split B (10-19),misaligned: excited
split_reliability,misaligned,5,excited,reliability,,,,,,,,,0.4645039366497336,raw,,,True,True,topic split A (0-9) versus split B (10-19),misaligned: excited
split_reliability,misaligned,6,excited,reliability,,,,,,,,,0.4604941002952615,raw,,,True,True,topic split A (0-9) versus split B (10-19),misaligned: excited
split_reliability,misaligned,7,excited,reliability,,,,,,,,,0.4757441024576493,raw,,,True,True,topic split A (0-9) versus split B (10-19),misaligned: excited
split_reliability,misaligned,8,excited,reliability,,,,,,,,,0.45077079035322337,raw,,,True,True,topic split A (0-9) versus split B (10-19),misaligned: excited
split_reliability,misaligned,9,excited,reliability,,,,,,,,,0.4906423072328309,raw,,,True,True,topic split A (0-9) versus split B (10-19),misaligned: excited
split_reliability,misaligned,10,excited,reliability,,,,,,,,,0.47936590463932655,raw,,,True,True,topic split A (0-9) versus split B (10-19),misaligned: excited
split_reliability,misaligned,11,excited,reliability,,,,,,,,,0.4803730804886201,raw,,,True,True,topic split A (0-9) versus split B (10-19),misaligned: excited
split_reliability,misaligned,12,excited,reliability,,,,,,,,,0.4724327779798104,raw,,,True,True,topic split A (0-9) versus split B (10-19),misaligned: excited
split_reliability,misaligned,13,excited,reliability,,,,,,,,,0.49189085346330363,raw,,,True,True,topic split A (0-9) versus split B (10-19),misaligned: excited
split_reliability,misaligned,14,excited,reliability,,,,,,,,,0.4908957049155707,raw,,,True,True,topic split A (0-9) versus split B (10-19),misaligned: excited
split_reliability,misaligned,15,excited,reliability,,,,,,,,,0.528986956847212,raw,,,True,True,topic split A (0-9) versus split B (10-19),misaligned: excited
split_reliability,misaligned,16,excited,reliability,,,,,,,,,0.5672668358059954,raw,,,True,True,topic split A (0-9) versus split B (10-19),misaligned: excited
split_reliability,misaligned,17,excited,reliability,,,,,,,,,0.5991899085091851,raw,,,True,True,topic split A (0-9) versus split B (10-19),misaligned: excited
split_reliability,misaligned,18,excited,reliability,,,,,,,,,0.6077740345680674,raw,,,True,True,topic split A (0-9) versus split B (10-19),misaligned: excited
split_reliability,misaligned,19,excited,reliability,,,,,,,,,0.6242142425381626,raw,,,True,True,topic split A (0-9) versus split B (10-19),misaligned: excited
split_reliability,misaligned,20,excited,reliability,,,,,,,,,0.6435226232774242,raw,,,True,True,topic split A (0-9) versus split B (10-19),misaligned: excited
split_reliability,misaligned,21,excited,reliability,,,,,,,,,0.6522352156630771,raw,,,True,True,topic split A (0-9) versus split B (10-19),misaligned: excited
split_reliability,misaligned,22,excited,reliability,,,,,,,,,0.6532584309342199,raw,,,True,True,topic split A (0-9) versus split B (10-19),misaligned: excited
split_reliability,misaligned,23,excited,reliability,,,,,,,,,0.6608478758269343,raw,,,True,True,topic split A (0-9) versus split B (10-19),misaligned: excited
split_reliability,misaligned,24,excited,reliability,,,,,,,,,0.6570646805453986,raw,,,True,True,topic split A (0-9) versus split B (10-19),misaligned: excited
split_reliability,misaligned,25,excited,reliability,,,,,,,,,0.6592607501975473,raw,,,True,True,topic split A (0-9) versus split B (10-19),misaligned: excited
split_reliability,misaligned,26,excited,reliability,,,,,,,,,0.6631558005204863,raw,,,True,True,topic split A (0-9) versus split B (10-19),misaligned: excited
split_reliability,misaligned,27,excited,reliability,,,,,,,,,0.6862612319150065,raw,,,True,True,topic split A (0-9) versus split B (10-19),misaligned: excited
split_reliability,misaligned,28,excited,reliability,,,,,,,,,0.6950862314768376,raw,,,True,True,topic split A (0-9) versus split B (10-19),misaligned: excited
split_reliability,misaligned,29,excited,reliability,,,,,,,,,0.6998525202018431,raw,,,True,True,topic split A (0-9) versus split B (10-19),misaligned: excited
split_reliability,misaligned,30,excited,reliability,,,,,,,,,0.7099359904267717,raw,,,True,True,topic split A (0-9) versus split B (10-19),misaligned: excited
split_reliability,misaligned,31,excited,reliability,,,,,,,,,0.7305244168318203,raw,,,True,True,topic split A (0-9) versus split B (10-19),misaligned: excited
split_reliability,misaligned,32,excited,reliability,,,,,,,,,0.7264504487055776,raw,,,True,True,topic split A (0-9) versus split B (10-19),misaligned: excited
split_reliability,misaligned,33,excited,reliability,,,,,,,,,0.7172933573098516,raw,,,True,True,topic split A (0-9) versus split B (10-19),misaligned: excited
split_reliability,misaligned,34,excited,reliability,,,,,,,,,0.6970252236368694,raw,,,True,True,topic split A (0-9) versus split B (10-19),misaligned: excited
split_reliability,misaligned,35,excited,reliability,,,,,,,,,0.7019343588540604,raw,,,True,True,topic split A (0-9) versus split B (10-19),misaligned: excited
split_reliability,misaligned,36,excited,reliability,,,,,,,,,0.7033042476096545,raw,,,True,True,topic split A (0-9) versus split B (10-19),misaligned: excited
split_reliability,misaligned,37,excited,reliability,,,,,,,,,0.704056781603247,raw,,,True,True,topic split A (0-9) versus split B (10-19),misaligned: excited
split_reliability,misaligned,38,excited,reliability,,,,,,,,,0.7065551553713751,raw,,,True,True,topic split A (0-9) versus split B (10-19),misaligned: excited
split_reliability,misaligned,39,excited,reliability,,,,,,,,,0.7019531771627145,raw,,,True,True,topic split A (0-9) versus split B (10-19),misaligned: excited
split_reliability,misaligned,40,excited,reliability,,,,,,,,,0.7086125417862197,raw,,,True,True,topic split A (0-9) versus split B (10-19),misaligned: excited
split_reliability,misaligned,41,excited,reliability,,,,,,,,,0.707334486792382,raw,,,True,True,topic split A (0-9) versus split B (10-19),misaligned: excited
split_reliability,misaligned,42,excited,reliability,,,,,,,,,0.7025231119141941,raw,,,True,True,topic split A (0-9) versus split B (10-19),misaligned: excited
split_reliability,misaligned,43,excited,reliability,,,,,,,,,0.697399945995806,raw,,,True,True,topic split A (0-9) versus split B (10-19),misaligned: excited
split_reliability,misaligned,44,excited,reliability,,,,,,,,,0.6964775304309233,raw,,,True,True,topic split A (0-9) versus split B (10-19),misaligned: excited
split_reliability,misaligned,45,excited,reliability,,,,,,,,,0.6971751971332277,raw,,,True,True,topic split A (0-9) versus split B (10-19),misaligned: excited
split_reliability,misaligned,46,excited,reliability,,,,,,,,,0.7074510694811023,raw,,,True,True,topic split A (0-9) versus split B (10-19),misaligned: excited
split_reliability,misaligned,47,excited,reliability,,,,,,,,,0.7325744986314874,raw,,,True,True,topic split A (0-9) versus split B (10-19),misaligned: excited
split_reliability,misaligned,0,furious,reliability,,,,,,,,,0.6889125379757175,raw,,,True,True,topic split A (0-9) versus split B (10-19),misaligned: furious
split_reliability,misaligned,1,furious,reliability,,,,,,,,,0.6917209405629111,raw,,,True,True,topic split A (0-9) versus split B (10-19),misaligned: furious
split_reliability,misaligned,2,furious,reliability,,,,,,,,,0.7003698053586698,raw,,,True,True,topic split A (0-9) versus split B (10-19),misaligned: furious
split_reliability,misaligned,3,furious,reliability,,,,,,,,,0.7059138772957501,raw,,,True,True,topic split A (0-9) versus split B (10-19),misaligned: furious
split_reliability,misaligned,4,furious,reliability,,,,,,,,,0.709166965800298,raw,,,True,True,topic split A (0-9) versus split B (10-19),misaligned: furious
split_reliability,misaligned,5,furious,reliability,,,,,,,,,0.7110657649316362,raw,,,True,True,topic split A (0-9) versus split B (10-19),misaligned: furious
split_reliability,misaligned,6,furious,reliability,,,,,,,,,0.7312831537330705,raw,,,True,True,topic split A (0-9) versus split B (10-19),misaligned: furious
split_reliability,misaligned,7,furious,reliability,,,,,,,,,0.7603288994596531,raw,,,True,True,topic split A (0-9) versus split B (10-19),misaligned: furious
split_reliability,misaligned,8,furious,reliability,,,,,,,,,0.7686679498490858,raw,,,True,True,topic split A (0-9) versus split B (10-19),misaligned: furious
split_reliability,misaligned,9,furious,reliability,,,,,,,,,0.779633097317279,raw,,,True,True,topic split A (0-9) versus split B (10-19),misaligned: furious
split_reliability,misaligned,10,furious,reliability,,,,,,,,,0.8002726009412041,raw,,,True,True,topic split A (0-9) versus split B (10-19),misaligned: furious
split_reliability,misaligned,11,furious,reliability,,,,,,,,,0.7904232790961394,raw,,,True,True,topic split A (0-9) versus split B (10-19),misaligned: furious
split_reliability,misaligned,12,furious,reliability,,,,,,,,,0.7888500044637293,raw,,,True,True,topic split A (0-9) versus split B (10-19),misaligned: furious
split_reliability,misaligned,13,furious,reliability,,,,,,,,,0.8079531178787172,raw,,,True,True,topic split A (0-9) versus split B (10-19),misaligned: furious
split_reliability,misaligned,14,furious,reliability,,,,,,,,,0.801889193969315,raw,,,True,True,topic split A (0-9) versus split B (10-19),misaligned: furious
split_reliability,misaligned,15,furious,reliability,,,,,,,,,0.811018372362722,raw,,,True,True,topic split A (0-9) versus split B (10-19),misaligned: furious
split_reliability,misaligned,16,furious,reliability,,,,,,,,,0.80939051269116,raw,,,True,True,topic split A (0-9) versus split B (10-19),misaligned: furious
split_reliability,misaligned,17,furious,reliability,,,,,,,,,0.8040282475247181,raw,,,True,True,topic split A (0-9) versus split B (10-19),misaligned: furious
split_reliability,misaligned,18,furious,reliability,,,,,,,,,0.7937688183153381,raw,,,True,True,topic split A (0-9) versus split B (10-19),misaligned: furious
split_reliability,misaligned,19,furious,reliability,,,,,,,,,0.7861775333759121,raw,,,True,True,topic split A (0-9) versus split B (10-19),misaligned: furious
split_reliability,misaligned,20,furious,reliability,,,,,,,,,0.7872188478210452,raw,,,True,True,topic split A (0-9) versus split B (10-19),misaligned: furious
split_reliability,misaligned,21,furious,reliability,,,,,,,,,0.7866646624306607,raw,,,True,True,topic split A (0-9) versus split B (10-19),misaligned: furious
split_reliability,misaligned,22,furious,reliability,,,,,,,,,0.79422056541382,raw,,,True,True,topic split A (0-9) versus split B (10-19),misaligned: furious
split_reliability,misaligned,23,furious,reliability,,,,,,,,,0.7820935050877975,raw,,,True,True,topic split A (0-9) versus split B (10-19),misaligned: furious
split_reliability,misaligned,24,furious,reliability,,,,,,,,,0.7620578589572604,raw,,,True,True,topic split A (0-9) versus split B (10-19),misaligned: furious
split_reliability,misaligned,25,furious,reliability,,,,,,,,,0.7616501238591991,raw,,,True,True,topic split A (0-9) versus split B (10-19),misaligned: furious
split_reliability,misaligned,26,furious,reliability,,,,,,,,,0.7580543017688804,raw,,,True,True,topic split A (0-9) versus split B (10-19),misaligned: furious
split_reliability,misaligned,27,furious,reliability,,,,,,,,,0.7614457914272676,raw,,,True,True,topic split A (0-9) versus split B (10-19),misaligned: furious
split_reliability,misaligned,28,furious,reliability,,,,,,,,,0.758883891537498,raw,,,True,True,topic split A (0-9) versus split B (10-19),misaligned: furious
split_reliability,misaligned,29,furious,reliability,,,,,,,,,0.7478144261612305,raw,,,True,True,topic split A (0-9) versus split B (10-19),misaligned: furious
split_reliability,misaligned,30,furious,reliability,,,,,,,,,0.7637689350518018,raw,,,True,True,topic split A (0-9) versus split B (10-19),misaligned: furious
split_reliability,misaligned,31,furious,reliability,,,,,,,,,0.7980459410701973,raw,,,True,True,topic split A (0-9) versus split B (10-19),misaligned: furious
split_reliability,misaligned,32,furious,reliability,,,,,,,,,0.8027049347393126,raw,,,True,True,topic split A (0-9) versus split B (10-19),misaligned: furious
split_reliability,misaligned,33,furious,reliability,,,,,,,,,0.7956609324633224,raw,,,True,True,topic split A (0-9) versus split B (10-19),misaligned: furious
split_reliability,misaligned,34,furious,reliability,,,,,,,,,0.8073879657089865,raw,,,True,True,topic split A (0-9) versus split B (10-19),misaligned: furious
split_reliability,misaligned,35,furious,reliability,,,,,,,,,0.8110991851850828,raw,,,True,True,topic split A (0-9) versus split B (10-19),misaligned: furious
split_reliability,misaligned,36,furious,reliability,,,,,,,,,0.8103808651120687,raw,,,True,True,topic split A (0-9) versus split B (10-19),misaligned: furious
split_reliability,misaligned,37,furious,reliability,,,,,,,,,0.81292123137316,raw,,,True,True,topic split A (0-9) versus split B (10-19),misaligned: furious
split_reliability,misaligned,38,furious,reliability,,,,,,,,,0.8207195085934101,raw,,,True,True,topic split A (0-9) versus split B (10-19),misaligned: furious
split_reliability,misaligned,39,furious,reliability,,,,,,,,,0.8199848108995497,raw,,,True,True,topic split A (0-9) versus split B (10-19),misaligned: furious
split_reliability,misaligned,40,furious,reliability,,,,,,,,,0.8371434620109981,raw,,,True,True,topic split A (0-9) versus split B (10-19),misaligned: furious
split_reliability,misaligned,41,furious,reliability,,,,,,,,,0.8394393402653124,raw,,,True,True,topic split A (0-9) versus split B (10-19),misaligned: furious
split_reliability,misaligned,42,furious,reliability,,,,,,,,,0.8368940700665307,raw,,,True,True,topic split A (0-9) versus split B (10-19),misaligned: furious
split_reliability,misaligned,43,furious,reliability,,,,,,,,,0.8423135429006543,raw,,,True,True,topic split A (0-9) versus split B (10-19),misaligned: furious
split_reliability,misaligned,44,furious,reliability,,,,,,,,,0.8443758136955036,raw,,,True,True,topic split A (0-9) versus split B (10-19),misaligned: furious
split_reliability,misaligned,45,furious,reliability,,,,,,,,,0.8340614166189032,raw,,,True,True,topic split A (0-9) versus split B (10-19),misaligned: furious
split_reliability,misaligned,46,furious,reliability,,,,,,,,,0.832863005663147,raw,,,True,True,topic split A (0-9) versus split B (10-19),misaligned: furious
split_reliability,misaligned,47,furious,reliability,,,,,,,,,0.884220149403978,raw,,,True,True,topic split A (0-9) versus split B (10-19),misaligned: furious
split_reliability,misaligned,0,gloomy,reliability,,,,,,,,,0.5090283008172618,raw,,,True,True,topic split A (0-9) versus split B (10-19),misaligned: gloomy
split_reliability,misaligned,1,gloomy,reliability,,,,,,,,,0.5515733237325681,raw,,,True,True,topic split A (0-9) versus split B (10-19),misaligned: gloomy
split_reliability,misaligned,2,gloomy,reliability,,,,,,,,,0.6093705180643546,raw,,,True,True,topic split A (0-9) versus split B (10-19),misaligned: gloomy
split_reliability,misaligned,3,gloomy,reliability,,,,,,,,,0.6304814468650404,raw,,,True,True,topic split A (0-9) versus split B (10-19),misaligned: gloomy
split_reliability,misaligned,4,gloomy,reliability,,,,,,,,,0.6234138933466964,raw,,,True,True,topic split A (0-9) versus split B (10-19),misaligned: gloomy
split_reliability,misaligned,5,gloomy,reliability,,,,,,,,,0.6124807870596476,raw,,,True,True,topic split A (0-9) versus split B (10-19),misaligned: gloomy
split_reliability,misaligned,6,gloomy,reliability,,,,,,,,,0.6215269536144515,raw,,,True,True,topic split A (0-9) versus split B (10-19),misaligned: gloomy
split_reliability,misaligned,7,gloomy,reliability,,,,,,,,,0.6283053643319197,raw,,,True,True,topic split A (0-9) versus split B (10-19),misaligned: gloomy
split_reliability,misaligned,8,gloomy,reliability,,,,,,,,,0.6142048361934235,raw,,,True,True,topic split A (0-9) versus split B (10-19),misaligned: gloomy
split_reliability,misaligned,9,gloomy,reliability,,,,,,,,,0.6225571099056968,raw,,,True,True,topic split A (0-9) versus split B (10-19),misaligned: gloomy
split_reliability,misaligned,10,gloomy,reliability,,,,,,,,,0.6199012612086735,raw,,,True,True,topic split A (0-9) versus split B (10-19),misaligned: gloomy
split_reliability,misaligned,11,gloomy,reliability,,,,,,,,,0.6190239468570813,raw,,,True,True,topic split A (0-9) versus split B (10-19),misaligned: gloomy
split_reliability,misaligned,12,gloomy,reliability,,,,,,,,,0.6058254592547424,raw,,,True,True,topic split A (0-9) versus split B (10-19),misaligned: gloomy
split_reliability,misaligned,13,gloomy,reliability,,,,,,,,,0.6167936580104595,raw,,,True,True,topic split A (0-9) versus split B (10-19),misaligned: gloomy
split_reliability,misaligned,14,gloomy,reliability,,,,,,,,,0.6367064000529318,raw,,,True,True,topic split A (0-9) versus split B (10-19),misaligned: gloomy
split_reliability,misaligned,15,gloomy,reliability,,,,,,,,,0.6525808887281717,raw,,,True,True,topic split A (0-9) versus split B (10-19),misaligned: gloomy
split_reliability,misaligned,16,gloomy,reliability,,,,,,,,,0.6678881462910895,raw,,,True,True,topic split A (0-9) versus split B (10-19),misaligned: gloomy
split_reliability,misaligned,17,gloomy,reliability,,,,,,,,,0.6661764627503713,raw,,,True,True,topic split A (0-9) versus split B (10-19),misaligned: gloomy
split_reliability,misaligned,18,gloomy,reliability,,,,,,,,,0.6724629823423529,raw,,,True,True,topic split A (0-9) versus split B (10-19),misaligned: gloomy
split_reliability,misaligned,19,gloomy,reliability,,,,,,,,,0.6724267844560385,raw,,,True,True,topic split A (0-9) versus split B (10-19),misaligned: gloomy
split_reliability,misaligned,20,gloomy,reliability,,,,,,,,,0.6660071586036199,raw,,,True,True,topic split A (0-9) versus split B (10-19),misaligned: gloomy
split_reliability,misaligned,21,gloomy,reliability,,,,,,,,,0.6638730441495291,raw,,,True,True,topic split A (0-9) versus split B (10-19),misaligned: gloomy
split_reliability,misaligned,22,gloomy,reliability,,,,,,,,,0.6669756305391648,raw,,,True,True,topic split A (0-9) versus split B (10-19),misaligned: gloomy
split_reliability,misaligned,23,gloomy,reliability,,,,,,,,,0.6723174556895073,raw,,,True,True,topic split A (0-9) versus split B (10-19),misaligned: gloomy
split_reliability,misaligned,24,gloomy,reliability,,,,,,,,,0.6675642532587586,raw,,,True,True,topic split A (0-9) versus split B (10-19),misaligned: gloomy
split_reliability,misaligned,25,gloomy,reliability,,,,,,,,,0.6718917455444879,raw,,,True,True,topic split A (0-9) versus split B (10-19),misaligned: gloomy
split_reliability,misaligned,26,gloomy,reliability,,,,,,,,,0.6618111874084437,raw,,,True,True,topic split A (0-9) versus split B (10-19),misaligned: gloomy
split_reliability,misaligned,27,gloomy,reliability,,,,,,,,,0.6578789091038466,raw,,,True,True,topic split A (0-9) versus split B (10-19),misaligned: gloomy
split_reliability,misaligned,28,gloomy,reliability,,,,,,,,,0.6592008410004672,raw,,,True,True,topic split A (0-9) versus split B (10-19),misaligned: gloomy
split_reliability,misaligned,29,gloomy,reliability,,,,,,,,,0.6415138145582897,raw,,,True,True,topic split A (0-9) versus split B (10-19),misaligned: gloomy
split_reliability,misaligned,30,gloomy,reliability,,,,,,,,,0.6587673568276536,raw,,,True,True,topic split A (0-9) versus split B (10-19),misaligned: gloomy
split_reliability,misaligned,31,gloomy,reliability,,,,,,,,,0.696378072417206,raw,,,True,True,topic split A (0-9) versus split B (10-19),misaligned: gloomy
split_reliability,misaligned,32,gloomy,reliability,,,,,,,,,0.6907691244683071,raw,,,True,True,topic split A (0-9) versus split B (10-19),misaligned: gloomy
split_reliability,misaligned,33,gloomy,reliability,,,,,,,,,0.6966948839578008,raw,,,True,True,topic split A (0-9) versus split B (10-19),misaligned: gloomy
split_reliability,misaligned,34,gloomy,reliability,,,,,,,,,0.6946412330458906,raw,,,True,True,topic split A (0-9) versus split B (10-19),misaligned: gloomy
split_reliability,misaligned,35,gloomy,reliability,,,,,,,,,0.6954832501416176,raw,,,True,True,topic split A (0-9) versus split B (10-19),misaligned: gloomy
split_reliability,misaligned,36,gloomy,reliability,,,,,,,,,0.6986203280934439,raw,,,True,True,topic split A (0-9) versus split B (10-19),misaligned: gloomy
split_reliability,misaligned,37,gloomy,reliability,,,,,,,,,0.7086605406334849,raw,,,True,True,topic split A (0-9) versus split B (10-19),misaligned: gloomy
split_reliability,misaligned,38,gloomy,reliability,,,,,,,,,0.7217284104596106,raw,,,True,True,topic split A (0-9) versus split B (10-19),misaligned: gloomy
split_reliability,misaligned,39,gloomy,reliability,,,,,,,,,0.7256781519961346,raw,,,True,True,topic split A (0-9) versus split B (10-19),misaligned: gloomy
split_reliability,misaligned,40,gloomy,reliability,,,,,,,,,0.7345600364302196,raw,,,True,True,topic split A (0-9) versus split B (10-19),misaligned: gloomy
split_reliability,misaligned,41,gloomy,reliability,,,,,,,,,0.7401332895722681,raw,,,True,True,topic split A (0-9) versus split B (10-19),misaligned: gloomy
split_reliability,misaligned,42,gloomy,reliability,,,,,,,,,0.7483200015705169,raw,,,True,True,topic split A (0-9) versus split B (10-19),misaligned: gloomy
split_reliability,misaligned,43,gloomy,reliability,,,,,,,,,0.7482211765777127,raw,,,True,True,topic split A (0-9) versus split B (10-19),misaligned: gloomy
split_reliability,misaligned,44,gloomy,reliability,,,,,,,,,0.7532888520688577,raw,,,True,True,topic split A (0-9) versus split B (10-19),misaligned: gloomy
split_reliability,misaligned,45,gloomy,reliability,,,,,,,,,0.7470806399176247,raw,,,True,True,topic split A (0-9) versus split B (10-19),misaligned: gloomy
split_reliability,misaligned,46,gloomy,reliability,,,,,,,,,0.7476433413582523,raw,,,True,True,topic split A (0-9) versus split B (10-19),misaligned: gloomy
split_reliability,misaligned,47,gloomy,reliability,,,,,,,,,0.772041083302255,raw,,,True,True,topic split A (0-9) versus split B (10-19),misaligned: gloomy
split_reliability,misaligned,0,joyful,reliability,,,,,,,,,0.6375272275995632,raw,,,True,True,topic split A (0-9) versus split B (10-19),misaligned: joyful
split_reliability,misaligned,1,joyful,reliability,,,,,,,,,0.632789851976121,raw,,,True,True,topic split A (0-9) versus split B (10-19),misaligned: joyful
split_reliability,misaligned,2,joyful,reliability,,,,,,,,,0.6272255048630643,raw,,,True,True,topic split A (0-9) versus split B (10-19),misaligned: joyful
split_reliability,misaligned,3,joyful,reliability,,,,,,,,,0.6475413737169886,raw,,,True,True,topic split A (0-9) versus split B (10-19),misaligned: joyful
split_reliability,misaligned,4,joyful,reliability,,,,,,,,,0.6626523205419742,raw,,,True,True,topic split A (0-9) versus split B (10-19),misaligned: joyful
split_reliability,misaligned,5,joyful,reliability,,,,,,,,,0.6581435942003775,raw,,,True,True,topic split A (0-9) versus split B (10-19),misaligned: joyful
split_reliability,misaligned,6,joyful,reliability,,,,,,,,,0.6863243630470742,raw,,,True,True,topic split A (0-9) versus split B (10-19),misaligned: joyful
split_reliability,misaligned,7,joyful,reliability,,,,,,,,,0.7071013405288045,raw,,,True,True,topic split A (0-9) versus split B (10-19),misaligned: joyful
split_reliability,misaligned,8,joyful,reliability,,,,,,,,,0.7241052844669125,raw,,,True,True,topic split A (0-9) versus split B (10-19),misaligned: joyful
split_reliability,misaligned,9,joyful,reliability,,,,,,,,,0.7470482476188397,raw,,,True,True,topic split A (0-9) versus split B (10-19),misaligned: joyful
split_reliability,misaligned,10,joyful,reliability,,,,,,,,,0.7995551114052929,raw,,,True,True,topic split A (0-9) versus split B (10-19),misaligned: joyful
split_reliability,misaligned,11,joyful,reliability,,,,,,,,,0.7877545208708533,raw,,,True,True,topic split A (0-9) versus split B (10-19),misaligned: joyful
split_reliability,misaligned,12,joyful,reliability,,,,,,,,,0.7789435625055109,raw,,,True,True,topic split A (0-9) versus split B (10-19),misaligned: joyful
split_reliability,misaligned,13,joyful,reliability,,,,,,,,,0.7951827082063153,raw,,,True,True,topic split A (0-9) versus split B (10-19),misaligned: joyful
split_reliability,misaligned,14,joyful,reliability,,,,,,,,,0.7978943021034152,raw,,,True,True,topic split A (0-9) versus split B (10-19),misaligned: joyful
split_reliability,misaligned,15,joyful,reliability,,,,,,,,,0.8023956270070707,raw,,,True,True,topic split A (0-9) versus split B (10-19),misaligned: joyful
split_reliability,misaligned,16,joyful,reliability,,,,,,,,,0.8126078786344672,raw,,,True,True,topic split A (0-9) versus split B (10-19),misaligned: joyful
split_reliability,misaligned,17,joyful,reliability,,,,,,,,,0.8114872477864762,raw,,,True,True,topic split A (0-9) versus split B (10-19),misaligned: joyful
split_reliability,misaligned,18,joyful,reliability,,,,,,,,,0.8119558609960266,raw,,,True,True,topic split A (0-9) versus split B (10-19),misaligned: joyful
split_reliability,misaligned,19,joyful,reliability,,,,,,,,,0.8189598045098189,raw,,,True,True,topic split A (0-9) versus split B (10-19),misaligned: joyful
split_reliability,misaligned,20,joyful,reliability,,,,,,,,,0.8203697478558493,raw,,,True,True,topic split A (0-9) versus split B (10-19),misaligned: joyful
split_reliability,misaligned,21,joyful,reliability,,,,,,,,,0.8195382808602004,raw,,,True,True,topic split A (0-9) versus split B (10-19),misaligned: joyful
split_reliability,misaligned,22,joyful,reliability,,,,,,,,,0.8176820868946725,raw,,,True,True,topic split A (0-9) versus split B (10-19),misaligned: joyful
split_reliability,misaligned,23,joyful,reliability,,,,,,,,,0.8130902608190351,raw,,,True,True,topic split A (0-9) versus split B (10-19),misaligned: joyful
split_reliability,misaligned,24,joyful,reliability,,,,,,,,,0.808636080206626,raw,,,True,True,topic split A (0-9) versus split B (10-19),misaligned: joyful
split_reliability,misaligned,25,joyful,reliability,,,,,,,,,0.8117932615203949,raw,,,True,True,topic split A (0-9) versus split B (10-19),misaligned: joyful
split_reliability,misaligned,26,joyful,reliability,,,,,,,,,0.8068878061675518,raw,,,True,True,topic split A (0-9) versus split B (10-19),misaligned: joyful
split_reliability,misaligned,27,joyful,reliability,,,,,,,,,0.8092907042526837,raw,,,True,True,topic split A (0-9) versus split B (10-19),misaligned: joyful
split_reliability,misaligned,28,joyful,reliability,,,,,,,,,0.8014269684185393,raw,,,True,True,topic split A (0-9) versus split B (10-19),misaligned: joyful
split_reliability,misaligned,29,joyful,reliability,,,,,,,,,0.7970357094735504,raw,,,True,True,topic split A (0-9) versus split B (10-19),misaligned: joyful
split_reliability,misaligned,30,joyful,reliability,,,,,,,,,0.8116011129615169,raw,,,True,True,topic split A (0-9) versus split B (10-19),misaligned: joyful
split_reliability,misaligned,31,joyful,reliability,,,,,,,,,0.8285480692375439,raw,,,True,True,topic split A (0-9) versus split B (10-19),misaligned: joyful
split_reliability,misaligned,32,joyful,reliability,,,,,,,,,0.8266791934557993,raw,,,True,True,topic split A (0-9) versus split B (10-19),misaligned: joyful
split_reliability,misaligned,33,joyful,reliability,,,,,,,,,0.8190168998995672,raw,,,True,True,topic split A (0-9) versus split B (10-19),misaligned: joyful
split_reliability,misaligned,34,joyful,reliability,,,,,,,,,0.8186074908590389,raw,,,True,True,topic split A (0-9) versus split B (10-19),misaligned: joyful
split_reliability,misaligned,35,joyful,reliability,,,,,,,,,0.8069324294246939,raw,,,True,True,topic split A (0-9) versus split B (10-19),misaligned: joyful
split_reliability,misaligned,36,joyful,reliability,,,,,,,,,0.8141920607752179,raw,,,True,True,topic split A (0-9) versus split B (10-19),misaligned: joyful
split_reliability,misaligned,37,joyful,reliability,,,,,,,,,0.8141025100126392,raw,,,True,True,topic split A (0-9) versus split B (10-19),misaligned: joyful
split_reliability,misaligned,38,joyful,reliability,,,,,,,,,0.8184009746566644,raw,,,True,True,topic split A (0-9) versus split B (10-19),misaligned: joyful
split_reliability,misaligned,39,joyful,reliability,,,,,,,,,0.8175478163056287,raw,,,True,True,topic split A (0-9) versus split B (10-19),misaligned: joyful
split_reliability,misaligned,40,joyful,reliability,,,,,,,,,0.8229255455625543,raw,,,True,True,topic split A (0-9) versus split B (10-19),misaligned: joyful
split_reliability,misaligned,41,joyful,reliability,,,,,,,,,0.823734126323808,raw,,,True,True,topic split A (0-9) versus split B (10-19),misaligned: joyful
split_reliability,misaligned,42,joyful,reliability,,,,,,,,,0.825154131108126,raw,,,True,True,topic split A (0-9) versus split B (10-19),misaligned: joyful
split_reliability,misaligned,43,joyful,reliability,,,,,,,,,0.8231180541787977,raw,,,True,True,topic split A (0-9) versus split B (10-19),misaligned: joyful
split_reliability,misaligned,44,joyful,reliability,,,,,,,,,0.8217563016625132,raw,,,True,True,topic split A (0-9) versus split B (10-19),misaligned: joyful
split_reliability,misaligned,45,joyful,reliability,,,,,,,,,0.8196433861509826,raw,,,True,True,topic split A (0-9) versus split B (10-19),misaligned: joyful
split_reliability,misaligned,46,joyful,reliability,,,,,,,,,0.8178199641932014,raw,,,True,True,topic split A (0-9) versus split B (10-19),misaligned: joyful
split_reliability,misaligned,47,joyful,reliability,,,,,,,,,0.8295173320989339,raw,,,True,True,topic split A (0-9) versus split B (10-19),misaligned: joyful
split_reliability,misaligned,0,miserable,reliability,,,,,,,,,0.4464820567926689,raw,,,True,True,topic split A (0-9) versus split B (10-19),misaligned: miserable
split_reliability,misaligned,1,miserable,reliability,,,,,,,,,0.4737757289615718,raw,,,True,True,topic split A (0-9) versus split B (10-19),misaligned: miserable
split_reliability,misaligned,2,miserable,reliability,,,,,,,,,0.4911113312307134,raw,,,True,True,topic split A (0-9) versus split B (10-19),misaligned: miserable
split_reliability,misaligned,3,miserable,reliability,,,,,,,,,0.5053211828994275,raw,,,True,True,topic split A (0-9) versus split B (10-19),misaligned: miserable
split_reliability,misaligned,4,miserable,reliability,,,,,,,,,0.5161191277166916,raw,,,True,True,topic split A (0-9) versus split B (10-19),misaligned: miserable
split_reliability,misaligned,5,miserable,reliability,,,,,,,,,0.5245957741744267,raw,,,True,True,topic split A (0-9) versus split B (10-19),misaligned: miserable
split_reliability,misaligned,6,miserable,reliability,,,,,,,,,0.5378607262002219,raw,,,True,True,topic split A (0-9) versus split B (10-19),misaligned: miserable
split_reliability,misaligned,7,miserable,reliability,,,,,,,,,0.563980303084692,raw,,,True,True,topic split A (0-9) versus split B (10-19),misaligned: miserable
split_reliability,misaligned,8,miserable,reliability,,,,,,,,,0.5646012901698272,raw,,,True,True,topic split A (0-9) versus split B (10-19),misaligned: miserable
split_reliability,misaligned,9,miserable,reliability,,,,,,,,,0.5581500612802355,raw,,,True,True,topic split A (0-9) versus split B (10-19),misaligned: miserable
split_reliability,misaligned,10,miserable,reliability,,,,,,,,,0.5895027319864561,raw,,,True,True,topic split A (0-9) versus split B (10-19),misaligned: miserable
split_reliability,misaligned,11,miserable,reliability,,,,,,,,,0.5877709899026965,raw,,,True,True,topic split A (0-9) versus split B (10-19),misaligned: miserable
split_reliability,misaligned,12,miserable,reliability,,,,,,,,,0.5843428050623071,raw,,,True,True,topic split A (0-9) versus split B (10-19),misaligned: miserable
split_reliability,misaligned,13,miserable,reliability,,,,,,,,,0.5968125534694193,raw,,,True,True,topic split A (0-9) versus split B (10-19),misaligned: miserable
split_reliability,misaligned,14,miserable,reliability,,,,,,,,,0.5892809503649358,raw,,,True,True,topic split A (0-9) versus split B (10-19),misaligned: miserable
split_reliability,misaligned,15,miserable,reliability,,,,,,,,,0.6089322564239219,raw,,,True,True,topic split A (0-9) versus split B (10-19),misaligned: miserable
split_reliability,misaligned,16,miserable,reliability,,,,,,,,,0.6357161716629662,raw,,,True,True,topic split A (0-9) versus split B (10-19),misaligned: miserable
split_reliability,misaligned,17,miserable,reliability,,,,,,,,,0.6294095349178082,raw,,,True,True,topic split A (0-9) versus split B (10-19),misaligned: miserable
split_reliability,misaligned,18,miserable,reliability,,,,,,,,,0.6399665479173428,raw,,,True,True,topic split A (0-9) versus split B (10-19),misaligned: miserable
split_reliability,misaligned,19,miserable,reliability,,,,,,,,,0.6382549189018725,raw,,,True,True,topic split A (0-9) versus split B (10-19),misaligned: miserable
split_reliability,misaligned,20,miserable,reliability,,,,,,,,,0.6295072781415361,raw,,,True,True,topic split A (0-9) versus split B (10-19),misaligned: miserable
split_reliability,misaligned,21,miserable,reliability,,,,,,,,,0.6214890136746143,raw,,,True,True,topic split A (0-9) versus split B (10-19),misaligned: miserable
split_reliability,misaligned,22,miserable,reliability,,,,,,,,,0.6265012974786627,raw,,,True,True,topic split A (0-9) versus split B (10-19),misaligned: miserable
split_reliability,misaligned,23,miserable,reliability,,,,,,,,,0.623821287157385,raw,,,True,True,topic split A (0-9) versus split B (10-19),misaligned: miserable
split_reliability,misaligned,24,miserable,reliability,,,,,,,,,0.6380302211604151,raw,,,True,True,topic split A (0-9) versus split B (10-19),misaligned: miserable
split_reliability,misaligned,25,miserable,reliability,,,,,,,,,0.6371411017345411,raw,,,True,True,topic split A (0-9) versus split B (10-19),misaligned: miserable
split_reliability,misaligned,26,miserable,reliability,,,,,,,,,0.6339314193209586,raw,,,True,True,topic split A (0-9) versus split B (10-19),misaligned: miserable
split_reliability,misaligned,27,miserable,reliability,,,,,,,,,0.6337677886248603,raw,,,True,True,topic split A (0-9) versus split B (10-19),misaligned: miserable
split_reliability,misaligned,28,miserable,reliability,,,,,,,,,0.6370519874444597,raw,,,True,True,topic split A (0-9) versus split B (10-19),misaligned: miserable
split_reliability,misaligned,29,miserable,reliability,,,,,,,,,0.6412864192184229,raw,,,True,True,topic split A (0-9) versus split B (10-19),misaligned: miserable
split_reliability,misaligned,30,miserable,reliability,,,,,,,,,0.6498568596502742,raw,,,True,True,topic split A (0-9) versus split B (10-19),misaligned: miserable
split_reliability,misaligned,31,miserable,reliability,,,,,,,,,0.6843779430711544,raw,,,True,True,topic split A (0-9) versus split B (10-19),misaligned: miserable
split_reliability,misaligned,32,miserable,reliability,,,,,,,,,0.6796872444265356,raw,,,True,True,topic split A (0-9) versus split B (10-19),misaligned: miserable
split_reliability,misaligned,33,miserable,reliability,,,,,,,,,0.6872736367680227,raw,,,True,True,topic split A (0-9) versus split B (10-19),misaligned: miserable
split_reliability,misaligned,34,miserable,reliability,,,,,,,,,0.6810120825647952,raw,,,True,True,topic split A (0-9) versus split B (10-19),misaligned: miserable
split_reliability,misaligned,35,miserable,reliability,,,,,,,,,0.677384952623432,raw,,,True,True,topic split A (0-9) versus split B (10-19),misaligned: miserable
split_reliability,misaligned,36,miserable,reliability,,,,,,,,,0.6826719920777563,raw,,,True,True,topic split A (0-9) versus split B (10-19),misaligned: miserable
split_reliability,misaligned,37,miserable,reliability,,,,,,,,,0.6870315282283077,raw,,,True,True,topic split A (0-9) versus split B (10-19),misaligned: miserable
split_reliability,misaligned,38,miserable,reliability,,,,,,,,,0.6936688211667331,raw,,,True,True,topic split A (0-9) versus split B (10-19),misaligned: miserable
split_reliability,misaligned,39,miserable,reliability,,,,,,,,,0.6994405045666908,raw,,,True,True,topic split A (0-9) versus split B (10-19),misaligned: miserable
split_reliability,misaligned,40,miserable,reliability,,,,,,,,,0.7094296629140133,raw,,,True,True,topic split A (0-9) versus split B (10-19),misaligned: miserable
split_reliability,misaligned,41,miserable,reliability,,,,,,,,,0.7119604929767578,raw,,,True,True,topic split A (0-9) versus split B (10-19),misaligned: miserable
split_reliability,misaligned,42,miserable,reliability,,,,,,,,,0.7132143353432125,raw,,,True,True,topic split A (0-9) versus split B (10-19),misaligned: miserable
split_reliability,misaligned,43,miserable,reliability,,,,,,,,,0.7152034526860355,raw,,,True,True,topic split A (0-9) versus split B (10-19),misaligned: miserable
split_reliability,misaligned,44,miserable,reliability,,,,,,,,,0.7272614831702496,raw,,,True,True,topic split A (0-9) versus split B (10-19),misaligned: miserable
split_reliability,misaligned,45,miserable,reliability,,,,,,,,,0.7207886812906744,raw,,,True,True,topic split A (0-9) versus split B (10-19),misaligned: miserable
split_reliability,misaligned,46,miserable,reliability,,,,,,,,,0.7060391012244036,raw,,,True,True,topic split A (0-9) versus split B (10-19),misaligned: miserable
split_reliability,misaligned,47,miserable,reliability,,,,,,,,,0.7246719118530354,raw,,,True,True,topic split A (0-9) versus split B (10-19),misaligned: miserable
split_reliability,misaligned,0,sad,reliability,,,,,,,,,0.39137073839558967,raw,,,True,True,topic split A (0-9) versus split B (10-19),misaligned: sad
split_reliability,misaligned,1,sad,reliability,,,,,,,,,0.46549237140732524,raw,,,True,True,topic split A (0-9) versus split B (10-19),misaligned: sad
split_reliability,misaligned,2,sad,reliability,,,,,,,,,0.5264759300014306,raw,,,True,True,topic split A (0-9) versus split B (10-19),misaligned: sad
split_reliability,misaligned,3,sad,reliability,,,,,,,,,0.5402253441122137,raw,,,True,True,topic split A (0-9) versus split B (10-19),misaligned: sad
split_reliability,misaligned,4,sad,reliability,,,,,,,,,0.5129275946727707,raw,,,True,True,topic split A (0-9) versus split B (10-19),misaligned: sad
split_reliability,misaligned,5,sad,reliability,,,,,,,,,0.5021399142280458,raw,,,True,True,topic split A (0-9) versus split B (10-19),misaligned: sad
split_reliability,misaligned,6,sad,reliability,,,,,,,,,0.4874236098183489,raw,,,True,True,topic split A (0-9) versus split B (10-19),misaligned: sad
split_reliability,misaligned,7,sad,reliability,,,,,,,,,0.4883874195908405,raw,,,True,True,topic split A (0-9) versus split B (10-19),misaligned: sad
split_reliability,misaligned,8,sad,reliability,,,,,,,,,0.45418170867270174,raw,,,True,True,topic split A (0-9) versus split B (10-19),misaligned: sad
split_reliability,misaligned,9,sad,reliability,,,,,,,,,0.46952960354343765,raw,,,True,True,topic split A (0-9) versus split B (10-19),misaligned: sad
split_reliability,misaligned,10,sad,reliability,,,,,,,,,0.4617475576169379,raw,,,True,True,topic split A (0-9) versus split B (10-19),misaligned: sad
split_reliability,misaligned,11,sad,reliability,,,,,,,,,0.4524967349852113,raw,,,True,True,topic split A (0-9) versus split B (10-19),misaligned: sad
split_reliability,misaligned,12,sad,reliability,,,,,,,,,0.4440070512372999,raw,,,True,True,topic split A (0-9) versus split B (10-19),misaligned: sad
split_reliability,misaligned,13,sad,reliability,,,,,,,,,0.47167743801317097,raw,,,True,True,topic split A (0-9) versus split B (10-19),misaligned: sad
split_reliability,misaligned,14,sad,reliability,,,,,,,,,0.4844739518074195,raw,,,True,True,topic split A (0-9) versus split B (10-19),misaligned: sad
split_reliability,misaligned,15,sad,reliability,,,,,,,,,0.4994506237454386,raw,,,True,True,topic split A (0-9) versus split B (10-19),misaligned: sad
split_reliability,misaligned,16,sad,reliability,,,,,,,,,0.5442854648894905,raw,,,True,True,topic split A (0-9) versus split B (10-19),misaligned: sad
split_reliability,misaligned,17,sad,reliability,,,,,,,,,0.5518377960453709,raw,,,True,True,topic split A (0-9) versus split B (10-19),misaligned: sad
split_reliability,misaligned,18,sad,reliability,,,,,,,,,0.5560890603156654,raw,,,True,True,topic split A (0-9) versus split B (10-19),misaligned: sad
split_reliability,misaligned,19,sad,reliability,,,,,,,,,0.5601717215490419,raw,,,True,True,topic split A (0-9) versus split B (10-19),misaligned: sad
split_reliability,misaligned,20,sad,reliability,,,,,,,,,0.5780617285019356,raw,,,True,True,topic split A (0-9) versus split B (10-19),misaligned: sad
split_reliability,misaligned,21,sad,reliability,,,,,,,,,0.6022307251982413,raw,,,True,True,topic split A (0-9) versus split B (10-19),misaligned: sad
split_reliability,misaligned,22,sad,reliability,,,,,,,,,0.6178680697991956,raw,,,True,True,topic split A (0-9) versus split B (10-19),misaligned: sad
split_reliability,misaligned,23,sad,reliability,,,,,,,,,0.6293909098957263,raw,,,True,True,topic split A (0-9) versus split B (10-19),misaligned: sad
split_reliability,misaligned,24,sad,reliability,,,,,,,,,0.6248952795243159,raw,,,True,True,topic split A (0-9) versus split B (10-19),misaligned: sad
split_reliability,misaligned,25,sad,reliability,,,,,,,,,0.6313117061817607,raw,,,True,True,topic split A (0-9) versus split B (10-19),misaligned: sad
split_reliability,misaligned,26,sad,reliability,,,,,,,,,0.6263711459259677,raw,,,True,True,topic split A (0-9) versus split B (10-19),misaligned: sad
split_reliability,misaligned,27,sad,reliability,,,,,,,,,0.6355079250388007,raw,,,True,True,topic split A (0-9) versus split B (10-19),misaligned: sad
split_reliability,misaligned,28,sad,reliability,,,,,,,,,0.6395786795617354,raw,,,True,True,topic split A (0-9) versus split B (10-19),misaligned: sad
split_reliability,misaligned,29,sad,reliability,,,,,,,,,0.6487691904614272,raw,,,True,True,topic split A (0-9) versus split B (10-19),misaligned: sad
split_reliability,misaligned,30,sad,reliability,,,,,,,,,0.6616988803769704,raw,,,True,True,topic split A (0-9) versus split B (10-19),misaligned: sad
split_reliability,misaligned,31,sad,reliability,,,,,,,,,0.7002634922161988,raw,,,True,True,topic split A (0-9) versus split B (10-19),misaligned: sad
split_reliability,misaligned,32,sad,reliability,,,,,,,,,0.6954218048786742,raw,,,True,True,topic split A (0-9) versus split B (10-19),misaligned: sad
split_reliability,misaligned,33,sad,reliability,,,,,,,,,0.7008554873292457,raw,,,True,True,topic split A (0-9) versus split B (10-19),misaligned: sad
split_reliability,misaligned,34,sad,reliability,,,,,,,,,0.701604807634098,raw,,,True,True,topic split A (0-9) versus split B (10-19),misaligned: sad
split_reliability,misaligned,35,sad,reliability,,,,,,,,,0.698136213101,raw,,,True,True,topic split A (0-9) versus split B (10-19),misaligned: sad
split_reliability,misaligned,36,sad,reliability,,,,,,,,,0.7019458432325092,raw,,,True,True,topic split A (0-9) versus split B (10-19),misaligned: sad
split_reliability,misaligned,37,sad,reliability,,,,,,,,,0.7023291536879638,raw,,,True,True,topic split A (0-9) versus split B (10-19),misaligned: sad
split_reliability,misaligned,38,sad,reliability,,,,,,,,,0.7083646810116341,raw,,,True,True,topic split A (0-9) versus split B (10-19),misaligned: sad
split_reliability,misaligned,39,sad,reliability,,,,,,,,,0.7083442122738042,raw,,,True,True,topic split A (0-9) versus split B (10-19),misaligned: sad
split_reliability,misaligned,40,sad,reliability,,,,,,,,,0.7189077103497651,raw,,,True,True,topic split A (0-9) versus split B (10-19),misaligned: sad
split_reliability,misaligned,41,sad,reliability,,,,,,,,,0.7199054129231541,raw,,,True,True,topic split A (0-9) versus split B (10-19),misaligned: sad
split_reliability,misaligned,42,sad,reliability,,,,,,,,,0.7263076023115259,raw,,,True,True,topic split A (0-9) versus split B (10-19),misaligned: sad
split_reliability,misaligned,43,sad,reliability,,,,,,,,,0.7248092377534019,raw,,,True,True,topic split A (0-9) versus split B (10-19),misaligned: sad
split_reliability,misaligned,44,sad,reliability,,,,,,,,,0.7297599199495625,raw,,,True,True,topic split A (0-9) versus split B (10-19),misaligned: sad
split_reliability,misaligned,45,sad,reliability,,,,,,,,,0.7247443968825784,raw,,,True,True,topic split A (0-9) versus split B (10-19),misaligned: sad
split_reliability,misaligned,46,sad,reliability,,,,,,,,,0.7408600408202649,raw,,,True,True,topic split A (0-9) versus split B (10-19),misaligned: sad
split_reliability,misaligned,47,sad,reliability,,,,,,,,,0.7875262452173584,raw,,,True,True,topic split A (0-9) versus split B (10-19),misaligned: sad
split_reliability,misaligned,0,serene,reliability,,,,,,,,,0.5075789502412753,raw,,,True,True,topic split A (0-9) versus split B (10-19),misaligned: serene
split_reliability,misaligned,1,serene,reliability,,,,,,,,,0.4877955122769137,raw,,,True,True,topic split A (0-9) versus split B (10-19),misaligned: serene
split_reliability,misaligned,2,serene,reliability,,,,,,,,,0.5025973525369848,raw,,,True,True,topic split A (0-9) versus split B (10-19),misaligned: serene
split_reliability,misaligned,3,serene,reliability,,,,,,,,,0.48972402243862007,raw,,,True,True,topic split A (0-9) versus split B (10-19),misaligned: serene
split_reliability,misaligned,4,serene,reliability,,,,,,,,,0.5070227358324979,raw,,,True,True,topic split A (0-9) versus split B (10-19),misaligned: serene
split_reliability,misaligned,5,serene,reliability,,,,,,,,,0.50384429488078,raw,,,True,True,topic split A (0-9) versus split B (10-19),misaligned: serene
split_reliability,misaligned,6,serene,reliability,,,,,,,,,0.5170184702600705,raw,,,True,True,topic split A (0-9) versus split B (10-19),misaligned: serene
split_reliability,misaligned,7,serene,reliability,,,,,,,,,0.5516649235016554,raw,,,True,True,topic split A (0-9) versus split B (10-19),misaligned: serene
split_reliability,misaligned,8,serene,reliability,,,,,,,,,0.5848374383413456,raw,,,True,True,topic split A (0-9) versus split B (10-19),misaligned: serene
split_reliability,misaligned,9,serene,reliability,,,,,,,,,0.6227634908257573,raw,,,True,True,topic split A (0-9) versus split B (10-19),misaligned: serene
split_reliability,misaligned,10,serene,reliability,,,,,,,,,0.6709959261974523,raw,,,True,True,topic split A (0-9) versus split B (10-19),misaligned: serene
split_reliability,misaligned,11,serene,reliability,,,,,,,,,0.6625303899772474,raw,,,True,True,topic split A (0-9) versus split B (10-19),misaligned: serene
split_reliability,misaligned,12,serene,reliability,,,,,,,,,0.6728903021122312,raw,,,True,True,topic split A (0-9) versus split B (10-19),misaligned: serene
split_reliability,misaligned,13,serene,reliability,,,,,,,,,0.7124965367337937,raw,,,True,True,topic split A (0-9) versus split B (10-19),misaligned: serene
split_reliability,misaligned,14,serene,reliability,,,,,,,,,0.7075400652440833,raw,,,True,True,topic split A (0-9) versus split B (10-19),misaligned: serene
split_reliability,misaligned,15,serene,reliability,,,,,,,,,0.7209707467293075,raw,,,True,True,topic split A (0-9) versus split B (10-19),misaligned: serene
split_reliability,misaligned,16,serene,reliability,,,,,,,,,0.7436552807387438,raw,,,True,True,topic split A (0-9) versus split B (10-19),misaligned: serene
split_reliability,misaligned,17,serene,reliability,,,,,,,,,0.7278098255886523,raw,,,True,True,topic split A (0-9) versus split B (10-19),misaligned: serene
split_reliability,misaligned,18,serene,reliability,,,,,,,,,0.7139944859514062,raw,,,True,True,topic split A (0-9) versus split B (10-19),misaligned: serene
split_reliability,misaligned,19,serene,reliability,,,,,,,,,0.7111083433774474,raw,,,True,True,topic split A (0-9) versus split B (10-19),misaligned: serene
split_reliability,misaligned,20,serene,reliability,,,,,,,,,0.7133621772026945,raw,,,True,True,topic split A (0-9) versus split B (10-19),misaligned: serene
split_reliability,misaligned,21,serene,reliability,,,,,,,,,0.7168248172234731,raw,,,True,True,topic split A (0-9) versus split B (10-19),misaligned: serene
split_reliability,misaligned,22,serene,reliability,,,,,,,,,0.7082970163327358,raw,,,True,True,topic split A (0-9) versus split B (10-19),misaligned: serene
split_reliability,misaligned,23,serene,reliability,,,,,,,,,0.7052878181053983,raw,,,True,True,topic split A (0-9) versus split B (10-19),misaligned: serene
split_reliability,misaligned,24,serene,reliability,,,,,,,,,0.7064578728185846,raw,,,True,True,topic split A (0-9) versus split B (10-19),misaligned: serene
split_reliability,misaligned,25,serene,reliability,,,,,,,,,0.7043169725316049,raw,,,True,True,topic split A (0-9) versus split B (10-19),misaligned: serene
split_reliability,misaligned,26,serene,reliability,,,,,,,,,0.694883973732832,raw,,,True,True,topic split A (0-9) versus split B (10-19),misaligned: serene
split_reliability,misaligned,27,serene,reliability,,,,,,,,,0.6894012061516692,raw,,,True,True,topic split A (0-9) versus split B (10-19),misaligned: serene
split_reliability,misaligned,28,serene,reliability,,,,,,,,,0.6904375691259278,raw,,,True,True,topic split A (0-9) versus split B (10-19),misaligned: serene
split_reliability,misaligned,29,serene,reliability,,,,,,,,,0.6759166062493703,raw,,,True,True,topic split A (0-9) versus split B (10-19),misaligned: serene
split_reliability,misaligned,30,serene,reliability,,,,,,,,,0.696465966347124,raw,,,True,True,topic split A (0-9) versus split B (10-19),misaligned: serene
split_reliability,misaligned,31,serene,reliability,,,,,,,,,0.7227447251187887,raw,,,True,True,topic split A (0-9) versus split B (10-19),misaligned: serene
split_reliability,misaligned,32,serene,reliability,,,,,,,,,0.7255750556724468,raw,,,True,True,topic split A (0-9) versus split B (10-19),misaligned: serene
split_reliability,misaligned,33,serene,reliability,,,,,,,,,0.7285763345996903,raw,,,True,True,topic split A (0-9) versus split B (10-19),misaligned: serene
split_reliability,misaligned,34,serene,reliability,,,,,,,,,0.7376945808334854,raw,,,True,True,topic split A (0-9) versus split B (10-19),misaligned: serene
split_reliability,misaligned,35,serene,reliability,,,,,,,,,0.7359283999493141,raw,,,True,True,topic split A (0-9) versus split B (10-19),misaligned: serene
split_reliability,misaligned,36,serene,reliability,,,,,,,,,0.7311144609518139,raw,,,True,True,topic split A (0-9) versus split B (10-19),misaligned: serene
split_reliability,misaligned,37,serene,reliability,,,,,,,,,0.7417562005206862,raw,,,True,True,topic split A (0-9) versus split B (10-19),misaligned: serene
split_reliability,misaligned,38,serene,reliability,,,,,,,,,0.7478431932301072,raw,,,True,True,topic split A (0-9) versus split B (10-19),misaligned: serene
split_reliability,misaligned,39,serene,reliability,,,,,,,,,0.7429836113069692,raw,,,True,True,topic split A (0-9) versus split B (10-19),misaligned: serene
split_reliability,misaligned,40,serene,reliability,,,,,,,,,0.7653303691482375,raw,,,True,True,topic split A (0-9) versus split B (10-19),misaligned: serene
split_reliability,misaligned,41,serene,reliability,,,,,,,,,0.7712632035341629,raw,,,True,True,topic split A (0-9) versus split B (10-19),misaligned: serene
split_reliability,misaligned,42,serene,reliability,,,,,,,,,0.7758001490317288,raw,,,True,True,topic split A (0-9) versus split B (10-19),misaligned: serene
split_reliability,misaligned,43,serene,reliability,,,,,,,,,0.7817905466267836,raw,,,True,True,topic split A (0-9) versus split B (10-19),misaligned: serene
split_reliability,misaligned,44,serene,reliability,,,,,,,,,0.7809377101427731,raw,,,True,True,topic split A (0-9) versus split B (10-19),misaligned: serene
split_reliability,misaligned,45,serene,reliability,,,,,,,,,0.7666110838419935,raw,,,True,True,topic split A (0-9) versus split B (10-19),misaligned: serene
split_reliability,misaligned,46,serene,reliability,,,,,,,,,0.7637483690705489,raw,,,True,True,topic split A (0-9) versus split B (10-19),misaligned: serene
split_reliability,misaligned,47,serene,reliability,,,,,,,,,0.8186284119186821,raw,,,True,True,topic split A (0-9) versus split B (10-19),misaligned: serene
